,ChatGPT-4o,ChatGPT-o3,Claude3.7,DeepSeek(R1),Gemini-2.5-Pro-Preview-05-06,Grok3,Llama4,Mistral,Qwen3
address::isverified,0,0,1,0,0,0,0,0,0
address::markasunverified,0,0,0,0,1,0,0,0,0
address::markasverified,0,0,1,0,1,0,0,0,1
address::updateaddress,0,0,0,0,0,0,1,0,0
address::updateaddressdetails,0,0,0,0,1,0,0,0,0
address::updatecoordinates,0,0,0,0,1,0,0,0,0
address::updatedetails,0,0,0,0,1,0,0,0,0
address::updateposition,0,0,1,0,0,0,0,0,0
address::updatevalidationstatus,0,0,0,0,0,0,1,0,0
address::validate,0,0,1,1,1,0,0,0,0
address::validateaddress,0,0,1,0,1,0,1,0,1
address::validateaddressconsistency,0,0,0,1,0,0,0,0,1
address::validateconsistency,0,0,0,1,0,0,0,0,0
address::validateformat,0,0,1,1,0,0,0,0,0
address::verify,0,0,1,0,0,0,0,0,0
address::verifyaddress,0,0,1,1,1,0,0,0,1
address::verifycoordinates,0,0,1,0,0,0,0,0,0
address::verifylocation,0,0,1,0,0,0,0,0,0
collectionpoint::addcollectionpoint,0,0,0,0,0,1,1,1,0
collectionpoint::addlocation,0,0,0,0,0,0,1,0,0
collectionpoint::addoperatinghours,0,0,1,1,1,0,0,0,0
collectionpoint::applyupdates,0,1,0,0,0,0,0,0,0
collectionpoint::calculatedistance,0,0,1,0,0,0,0,0,0
collectionpoint::changeoperatingprovider,0,0,0,0,1,0,0,0,0
collectionpoint::createcollectionpoint,0,0,1,0,1,0,0,0,1
collectionpoint::createlocation,1,1,0,0,0,0,0,0,0
collectionpoint::createoreditlocation,0,0,0,0,0,1,0,0,0
collectionpoint::createpoint,1,1,1,0,1,0,0,0,0
collectionpoint::deactivate,0,1,0,0,0,1,0,0,0
collectionpoint::deactivatecollectionpoint,0,0,0,0,0,1,0,0,0
collectionpoint::deactivatelocation,1,0,0,0,0,0,0,0,0
collectionpoint::deactivatepoint,0,0,0,0,1,0,0,0,1
collectionpoint::findnearby,0,0,1,0,0,0,0,0,0
collectionpoint::findnearbypoints,0,0,1,0,0,0,0,0,0
collectionpoint::getavailablepoints,0,0,0,0,0,0,0,0,1
collectionpoint::getavailabletimeslots,0,0,0,1,0,0,0,0,0
collectionpoint::getbytype,0,0,1,0,0,0,0,0,0
collectionpoint::getdetails,0,1,0,0,0,0,0,0,0
collectionpoint::getlocationdetails,0,0,0,0,0,0,0,0,1
collectionpoint::getoperatinghours,0,0,0,0,0,0,1,0,0
collectionpoint::getoperatinghoursforday,0,0,1,0,0,0,0,0,0
collectionpoint::isavailableat,0,0,1,0,0,0,0,0,0
collectionpoint::isopenat,0,0,1,0,0,0,0,0,0
collectionpoint::isopennow,0,0,1,0,0,0,0,0,0
collectionpoint::isoperatingat,0,0,1,0,0,0,0,0,0
collectionpoint::listbycriteria,0,1,0,0,0,0,0,0,0
collectionpoint::listpoints,0,1,0,0,0,1,0,0,0
collectionpoint::removeoperatinghours,0,0,1,0,1,0,0,0,0
collectionpoint::savechanges,0,1,0,0,0,0,0,0,0
collectionpoint::savedetails,0,0,0,0,0,0,0,0,1
collectionpoint::savelocation,0,0,0,0,0,1,0,0,1
collectionpoint::saveupdates,0,1,0,0,0,0,0,0,0
collectionpoint::searchnearby,0,0,0,0,0,0,0,0,1
collectionpoint::searchpoints,0,0,0,0,0,1,0,0,0
collectionpoint::setaddress,0,0,0,0,0,1,0,0,0
collectionpoint::setdetails,0,0,0,0,0,1,0,0,0
collectionpoint::setlocationaddress,0,0,0,0,1,0,0,0,0
collectionpoint::setname,0,0,0,0,0,1,0,0,0
collectionpoint::setoperatinghours,0,0,0,0,0,1,0,0,0
collectionpoint::settype,0,0,0,0,0,1,0,0,0
collectionpoint::updatecollectionpoint,0,0,1,0,0,1,1,1,0
collectionpoint::updatedetails,1,1,0,0,1,1,1,0,1
collectionpoint::updatefacilityinfo,0,0,0,1,0,0,0,0,0
collectionpoint::updatefacilitytype,0,0,0,1,0,0,0,0,0
collectionpoint::updatelocation,1,1,0,0,0,0,1,0,0
collectionpoint::updatelocationdetails,1,0,0,1,0,0,1,0,1
collectionpoint::updatename,0,0,0,0,0,1,0,0,0
collectionpoint::updateoperatinghours,0,0,1,1,1,1,0,0,1
collectionpoint::updatepoint,1,0,1,0,0,0,0,0,0
collectionpoint::updateposition,0,0,1,0,1,0,0,0,0
collectionpoint::validate,0,0,1,0,0,0,0,0,0
collectionpoint::validateaccessibility,0,0,0,1,0,0,0,0,0
collectionpoint::validateaddress,0,1,0,0,0,0,0,0,1
collectionpoint::validatecollectionpoint,0,0,1,0,0,0,0,0,0
collectionpoint::validatedetails,0,1,0,0,1,1,0,0,0
collectionpoint::validatefacilitydetails,0,0,0,1,0,0,0,0,0
collectionpoint::validatefacilitytype,0,0,0,1,0,0,0,0,0
collectionpoint::validatelocation,0,1,0,0,0,0,0,0,1
collectionpoint::validatelocationdata,0,1,0,0,0,0,0,0,1
collectionpoint::validatelocationdetails,0,1,0,0,0,1,0,0,0
collectionpoint::validatelocationuniqueness,0,0,0,1,0,0,0,0,0
collectionpoint::validateoperatinghours,0,1,1,1,1,0,0,0,1
collectionpoint::validatepoint,0,0,1,0,0,0,0,0,0
collectionpoint::validatepointdata,0,0,1,0,1,0,0,0,0
collectionpoint::validateuniqueness,0,0,1,0,0,0,0,0,0
collectionpoint::viewcollectionpoints,0,0,0,0,0,1,0,0,0
collectionpoint::viewdetails,0,1,0,0,0,1,0,0,0
collectionpoint::viewpointinfo,1,0,0,0,0,0,0,0,0
collectionrequest::accept,0,1,0,0,0,0,1,0,0
collectionrequest::acceptcollection,1,0,0,0,0,0,0,0,0
collectionrequest::acceptrequest,1,1,0,0,0,1,0,0,1
collectionrequest::assigncollection,1,0,0,0,0,0,0,0,0
collectionrequest::assignvehicle,0,0,1,1,0,0,1,0,0
collectionrequest::assignvehicletype,0,0,1,0,0,0,0,0,0
collectionrequest::checkavailability,0,0,0,0,0,0,0,0,1
collectionrequest::completerequest,0,0,0,0,0,1,0,0,0
collectionrequest::confirmcollection,0,0,0,0,0,1,0,0,0
collectionrequest::create,0,1,0,0,0,0,0,0,0
collectionrequest::createcollectionrequest,1,0,1,0,1,0,0,0,0
collectionrequest::createrequest,0,0,0,0,0,1,0,0,1
collectionrequest::decline,0,1,0,0,0,0,0,0,0
collectionrequest::dispatch,0,1,0,0,0,0,0,0,0
collectionrequest::initializecollectionrequest,0,0,0,0,1,0,0,0,0
collectionrequest::markascollected,1,0,0,0,1,0,0,0,1
collectionrequest::markcollected,1,1,0,0,0,0,0,0,0
collectionrequest::proposealternativetime,0,0,0,0,0,0,0,0,1
collectionrequest::schedule,1,0,0,0,0,0,0,0,0
collectionrequest::schedulecollection,1,0,0,0,0,1,1,1,1
collectionrequest::setcollectionlocation,0,0,1,0,0,0,0,0,0
collectionrequest::setlocation,0,0,0,0,0,1,0,0,0
collectionrequest::setvehicletype,0,0,1,0,0,1,0,0,0
collectionrequest::specifycollectiondetails,0,0,1,0,0,0,0,0,0
collectionrequest::startcollection,0,1,0,0,0,0,0,0,0
collectionrequest::submit,0,1,0,0,0,0,0,0,0
collectionrequest::submitcollectionrequest,1,0,0,0,0,0,0,0,0
collectionrequest::submitrequest,0,0,0,0,0,0,0,0,1
collectionrequest::updatecollectiondetails,0,0,0,0,1,0,0,0,0
collectionrequest::updatecollectionlocation,0,0,1,0,0,0,0,0,0
collectionrequest::updatestatus,0,0,0,0,0,1,0,0,0
collectionrequest::validatecollectiondetails,0,0,1,0,0,0,0,0,0
collectionrequest::validatecollectionrequest,0,0,1,0,0,0,0,0,0
collectionrequest::validatevehicleassignment,0,0,0,1,0,0,0,0,0
collectionrequest::validatevehiclecapacity,0,0,0,1,0,0,0,0,0
collectionrequest::validatevehiclecompatability,0,0,0,1,0,0,0,0,0
collectionrequest::validatevehiclesuitability,0,0,0,0,0,0,0,0,1
collectionrequest::validatevehicletype,0,0,0,1,0,0,0,0,0
collectionrequest::viewdetails,0,0,0,0,0,1,0,0,0
coordinates::calculatedistance,0,0,1,1,0,0,1,0,0
coordinates::distanceto,0,1,0,0,0,0,0,0,0
coordinates::isvalid,0,0,1,0,0,0,0,0,0
coordinates::validatecoordinates,0,0,1,0,0,0,0,0,0
notificationservice::alertprovider,1,0,0,0,0,0,0,0,0
notificationservice::alertrequestaccepted,0,0,0,1,0,0,0,0,0
notificationservice::alertrequestupdate,0,0,0,1,0,0,0,0,0
notificationservice::alertserviceprovider,0,0,1,0,0,0,0,1,0
notificationservice::dispatchpasswordreset,0,0,0,1,0,0,0,0,0
notificationservice::generatenotification,0,0,0,1,0,0,0,0,0
notificationservice::generateverificationmessage,0,0,0,1,0,0,0,0,0
notificationservice::notifyaccountdeactivated,0,1,0,0,0,0,0,0,0
notificationservice::notifyaccountdeactivation,1,0,1,0,0,0,0,0,0
notificationservice::notifycancellation,0,0,0,0,0,0,0,0,1
notificationservice::notifydeactivation,1,0,0,0,0,0,0,0,0
notificationservice::notifynewrequest,0,0,1,0,0,0,0,0,0
notificationservice::notifypasswordreset,0,0,0,1,0,0,0,0,0
notificationservice::notifyprovider,1,0,0,0,0,1,0,0,0
notificationservice::notifyproviderchange,0,0,0,0,0,1,0,0,0
notificationservice::notifyprovidernewrequest,0,0,0,0,1,0,0,0,0
notificationservice::notifyproviderprofilechange,0,0,0,0,1,0,0,0,0
notificationservice::notifyprovidersofnewrequest,0,0,0,0,1,0,0,0,0
notificationservice::notifyrequestacceptance,0,0,0,0,0,0,0,0,1
notificationservice::notifyrequestaccepted,1,1,1,0,1,0,0,0,1
notificationservice::notifyrequestcancelled,0,0,0,0,1,0,0,0,0
notificationservice::notifyrequestcompleted,0,0,0,0,1,0,0,0,0
notificationservice::notifyrequeststatuschange,0,0,0,1,0,0,0,0,0
notificationservice::notifyserviceacceptance,0,0,0,0,0,0,0,0,1
notificationservice::notifyserviceprovider,0,0,1,0,0,0,1,0,1
notificationservice::notifyservicerequestupdate,0,0,1,0,0,0,0,0,0
notificationservice::notifystatuschange,0,0,0,1,0,0,0,0,0
notificationservice::notifytransportaccepted,0,1,0,0,0,0,0,0,0
notificationservice::notifyuser,0,0,0,0,0,1,1,0,0
notificationservice::notifyuserrequestaccepted,0,0,0,0,0,1,0,0,0
notificationservice::notifyusertransportaccepted,0,0,0,0,0,1,0,0,0
notificationservice::preparepasswordresettemplate,0,0,0,1,0,0,0,0,0
notificationservice::queueaccountdeactivation,0,1,0,0,0,0,0,0,0
notificationservice::queuedispatchalert,0,1,0,0,0,0,0,0,0
notificationservice::queuepasswordreset,0,1,0,0,0,0,0,0,0
notificationservice::queuepasswordresetconfirm,0,1,0,0,0,0,0,0,0
notificationservice::queueregistrationsuccess,0,1,0,0,0,0,0,0,0
notificationservice::queuerequestaccepted,0,1,0,0,0,0,0,0,0
notificationservice::queueverificationemail,0,1,0,0,0,0,0,0,0
notificationservice::selectnotificationchannel,0,0,1,0,0,0,0,0,0
notificationservice::sendaccountconfirmation,0,0,0,1,0,0,0,0,0
notificationservice::sendaccountdeactivation,0,1,0,0,0,0,0,0,0
notificationservice::sendaccountdeactivationconfirmation,0,0,1,0,1,1,0,0,0
notificationservice::sendaccountdeactivationemail,0,1,0,0,0,1,0,0,0
notificationservice::sendaccountdeactivationnotice,1,0,0,0,0,0,0,0,0
notificationservice::sendaccountdeactivationnotification,0,0,0,0,1,0,0,0,0
notificationservice::sendaccountlockednotification,0,0,0,0,1,0,0,0,0
notificationservice::sendcancellationconfirmation,0,1,0,0,0,0,0,0,0
notificationservice::senddeactivationconfirmation,0,0,1,0,0,1,0,0,1
notificationservice::senddeactivationemail,1,0,0,0,0,0,0,0,0
notificationservice::senddispatchrequestalert,0,0,0,0,1,0,0,0,0
notificationservice::sendemailverification,0,1,1,0,0,1,0,0,1
notificationservice::sendemailverificationnotification,0,0,0,0,1,0,0,0,0
notificationservice::sendemailverificationrequest,0,0,0,0,1,0,0,0,0
notificationservice::sendnewrequestnotification,0,0,0,0,1,0,0,0,0
notificationservice::sendnotification,1,0,1,0,0,1,1,1,1
notificationservice::sendpasswordreset,0,1,0,0,0,0,0,0,0
notificationservice::sendpasswordresetalert,0,0,0,0,0,0,0,0,1
notificationservice::sendpasswordresetconfirm,0,1,0,0,0,0,0,0,0
notificationservice::sendpasswordresetconfirmation,0,1,0,0,1,1,0,0,0
notificationservice::sendpasswordresetconfirmationnotification,0,0,0,0,1,0,0,0,0
notificationservice::sendpasswordresetemail,1,0,1,0,1,1,0,0,1
notificationservice::sendpasswordresetinstructions,0,0,0,1,0,0,0,0,0
notificationservice::sendpasswordresetlink,1,1,1,1,1,1,1,0,1
notificationservice::sendpasswordresetnotification,0,0,0,0,1,0,0,0,0
notificationservice::sendpasswordresetrequest,0,0,0,0,1,0,0,0,0
notificationservice::sendprovideralert,0,0,1,0,0,0,0,0,0
notificationservice::sendproviderprofilechangenotification,0,0,0,0,1,0,0,0,0
notificationservice::sendproviderprofileupdatenotification,0,0,0,0,1,0,0,0,0
notificationservice::sendproviderstatuschangenotification,0,0,0,0,1,1,0,0,0
notificationservice::sendproviderupdatenotification,0,0,0,0,0,1,0,0,0
notificationservice::sendregistrationconfirmation,1,1,1,0,1,1,0,0,0
notificationservice::sendregistrationsuccess,0,1,0,0,1,0,0,0,0
notificationservice::sendregistrationsuccessnotification,0,0,0,0,1,0,0,0,0
notificationservice::sendrequestaccepted,0,1,0,0,0,0,0,0,0
notificationservice::sendrequestacceptednotification,0,0,0,0,1,1,0,0,0
notificationservice::sendrequestcancellednotification,0,0,0,0,1,0,0,0,0
notificationservice::sendrequestnotification,0,0,0,0,0,0,0,0,1
notificationservice::sendrequeststatusupdate,0,0,1,0,1,0,0,0,0
notificationservice::sendresetconfirmation,0,0,1,0,0,0,0,0,0
notificationservice::sendresetlink,1,0,0,0,0,0,0,0,0
notificationservice::sendresetpassword,1,0,0,0,0,0,0,0,0
notificationservice::sendrolechangenotification,0,1,0,0,0,0,0,0,0
notificationservice::sendservicerequestacceptednotification,0,0,0,0,1,0,0,0,0
notificationservice::sendstatusalert,0,0,0,1,0,0,0,0,0
notificationservice::sendstatusupdate,0,0,0,0,0,0,0,0,1
notificationservice::sendtransportaccepted,0,1,0,0,0,0,0,0,0
notificationservice::sendverificationemail,1,1,1,1,1,1,1,0,1
notificationtemplate::formattemplate,0,0,1,0,0,0,0,0,0
notificationtemplate::getformattedcontent,0,0,1,0,0,0,0,0,0
notificationtemplate::gettemplate,0,0,1,0,0,0,0,0,0
notificationtemplate::gettemplatefortype,0,0,1,0,0,0,0,0,0
notificationtemplate::localizecontent,0,0,0,1,0,0,0,0,0
notificationtemplate::parsetemplate,0,0,1,0,0,0,0,0,0
notificationtemplate::render,0,0,1,0,0,0,0,0,0
notificationtemplate::rendertemplate,0,0,1,0,0,0,0,0,0
notificationtemplate::sendnotification,0,0,0,0,0,0,1,0,0
openinghours::coverstimestamp,0,0,0,1,0,0,0,0,0
openinghours::isavailableat,0,0,1,0,0,0,0,0,0
openinghours::isopen,0,0,1,0,0,0,1,0,0
openinghours::isopenat,0,0,1,0,0,0,0,0,0
openinghours::isvalid,0,0,1,0,1,0,0,0,0
openinghours::isvalidschedule,0,0,1,0,0,0,0,0,0
openinghours::matchesday,0,0,0,1,0,0,0,0,0
openinghours::validate,0,0,0,1,1,0,0,0,0
openinghours::validateopeninghours,0,0,1,0,0,0,0,0,0
openinghours::validateoperatinghours,0,0,0,0,0,0,1,0,1
openinghours::validatetimerange,0,0,0,1,0,0,0,0,0
openinghours::validatetimeslots,0,0,0,1,0,0,0,0,0
platformmanager::assignuserrole,1,0,0,0,0,0,1,0,0
platformmanager::managecollectionpoints,1,0,0,0,0,0,1,0,0
platformmanager::manageservicelistings,0,0,0,0,0,0,1,0,0
platformmanager::manageserviceproviders,1,0,0,0,0,0,1,0,0
platformmanager::manageservices,1,0,0,0,0,0,0,0,0
product::applyupdate,0,1,0,0,0,0,0,0,0
product::applyupdates,0,1,0,0,0,0,0,0,0
product::approvelisting,0,0,0,0,1,0,0,0,0
product::archive,0,0,1,0,0,0,0,0,0
product::archivelisting,0,0,1,1,1,0,0,0,0
product::calculatesustainabilityscore,0,0,1,0,0,0,0,0,0
product::checkduplicatelisting,0,0,0,0,0,0,0,0,1
product::createandpublishlisting,0,0,0,0,1,0,0,0,0
product::createdraft,0,1,0,0,0,0,0,0,0
product::createlisting,1,1,1,1,1,0,0,0,1
product::createproductlisting,0,0,0,0,0,0,0,0,1
product::displaydetails,0,0,0,0,0,1,0,0,0
product::editlisting,1,0,0,0,0,0,1,0,1
product::editproduct,0,0,0,0,0,0,0,1,0
product::editproductlisting,0,0,0,0,0,0,1,0,0
product::findbyfilter,0,1,0,0,0,0,0,0,0
product::list,0,0,0,0,0,0,1,0,0
product::listlistings,0,0,0,0,0,1,0,0,0
product::listproduct,1,0,0,0,0,1,1,1,0
product::publish,0,1,1,1,1,1,0,0,1
product::publishlisting,1,1,1,1,1,1,0,0,1
product::recordlistingupdate,0,0,1,0,0,0,0,0,0
product::recordupdatetimestamp,0,0,1,0,1,0,0,0,0
product::rejectlisting,0,0,1,0,1,0,0,0,0
product::republish,0,0,0,0,0,0,0,0,1
product::reviselisting,0,0,0,0,1,0,0,0,0
product::searchproducts,0,0,0,0,0,1,0,0,0
product::setcategory,0,0,0,0,0,1,0,0,0
product::setdescription,0,0,0,0,0,1,0,0,0
product::setinventory,0,0,0,0,0,1,0,0,0
product::setlisteddate,0,0,0,0,0,0,0,0,1
product::setname,0,0,0,0,0,1,0,0,0
product::submitforpublication,0,0,0,0,1,0,0,0,0
product::submitlisting,1,0,0,0,0,0,0,0,0
product::update,0,0,1,0,0,0,0,0,0
product::updatecategory,0,0,0,0,0,1,0,0,0
product::updatedescription,0,0,0,0,0,1,0,0,0
product::updatedetails,0,1,0,1,1,1,0,0,1
product::updateinventory,0,0,1,1,1,1,0,0,0
product::updatelastmodified,0,0,1,0,0,0,0,0,0
product::updatelisting,1,1,1,0,0,1,1,0,1
product::updatelistingdetails,1,0,0,1,1,0,0,0,1
product::updatelistingstatus,0,0,0,1,1,0,0,0,0
product::updatename,0,0,0,0,0,1,0,0,0
product::updateproduct,1,0,0,0,0,1,0,0,0
product::updateproductdetails,0,0,0,1,0,1,0,1,1
product::updateproductlisting,0,0,0,0,0,0,0,1,0
product::updatesustainabilityscore,0,0,0,1,0,0,0,0,0
product::validate,0,0,0,1,0,1,0,0,0
product::validateandpublish,0,0,0,0,0,0,0,0,1
product::validateandupdate,0,0,0,0,0,1,0,0,0
product::validatecategory,0,0,0,1,0,0,0,0,0
product::validatecategoryrules,0,0,0,1,0,0,0,0,0
product::validatedetails,0,0,0,0,1,0,0,0,0
product::validatelisting,0,1,1,0,0,0,0,0,1
product::validatelistingdata,0,1,0,0,0,0,0,0,0
product::validatelistingdetails,0,1,0,1,1,0,0,0,1
product::validateproduct,0,0,1,0,0,0,0,0,0
product::validateproductdata,0,0,1,0,0,0,0,0,0
product::validateproductdetails,0,0,1,1,0,1,0,0,1
product::validateproductupdates,0,0,0,0,0,0,0,0,1
product::validateupdate,0,1,0,0,0,0,0,0,0
product::validateupdateddetails,0,0,0,0,0,1,0,0,0
product::validateupdatedlisting,0,1,0,0,0,0,0,0,0
product::validateupdates,0,0,0,0,0,0,0,0,1
rolemanager <<service>>::assignrole,0,0,0,0,0,1,0,0,0
rolemanager::approveserviceprovider,0,1,0,0,0,0,0,0,0
rolemanager::assigndefaultrole,0,0,0,1,0,0,0,0,0
rolemanager::assignrole,1,1,1,1,1,1,1,1,1
rolemanager::assignroletouser,0,0,0,0,1,0,0,0,0
rolemanager::assignserviceproviderrole,0,0,0,0,1,0,0,0,0
rolemanager::assignuserrole,0,0,0,0,1,0,0,0,0
rolemanager::authorize,0,1,0,0,0,0,0,0,0
rolemanager::authorizeuser,0,1,0,0,0,0,0,0,0
rolemanager::canchangerole,0,0,1,0,1,0,0,0,0
rolemanager::cantransitiontorole,0,0,1,0,0,0,0,0,0
rolemanager::changerole,0,0,1,0,0,0,0,0,0
rolemanager::changeuserrole,0,0,0,1,1,0,0,0,0
rolemanager::deactivateserviceprovider,0,1,0,0,0,0,0,0,0
rolemanager::demotefromserviceprovider,0,0,0,1,0,0,0,0,0
rolemanager::designateasserviceprovider,0,0,0,0,1,0,0,0,0
rolemanager::getuserrole,0,0,0,0,0,1,0,0,0
rolemanager::grantaccess,0,1,0,0,0,1,0,0,0
rolemanager::isrolechangeallowed,0,0,1,0,0,0,0,0,0
rolemanager::promotetoserviceprovider,0,0,1,1,0,0,0,0,0
rolemanager::removerole,0,0,0,0,0,1,0,0,0
rolemanager::selectnewrole,0,0,0,0,0,1,0,0,0
rolemanager::setuserrole,0,1,0,0,0,0,0,0,0
rolemanager::updaterole,0,1,0,0,0,0,0,0,0
rolemanager::updateuserrole,1,0,0,1,0,0,0,0,0
rolemanager::validateroleassignment,0,0,0,0,1,0,0,0,0
rolemanager::validaterolechange,0,1,1,0,0,0,0,0,0
rolemanager::validateroletransition,0,1,1,1,1,1,1,0,1
routeplan::addwaypoint,0,0,1,0,0,0,0,0,0
routeplan::calculatedistance,0,0,1,1,0,0,0,0,0
routeplan::calculateoptimalroute,0,0,1,0,0,0,0,0,0
routeplan::calculatetotaldistance,0,0,1,0,0,0,0,0,0
routeplan::defineroute,1,0,0,0,0,0,0,0,0
routeplan::estimatedistance,0,0,1,0,0,0,0,0,0
routeplan::estimatetraveltime,0,0,0,1,0,0,0,0,0
routeplan::generateoptimalroute,0,1,0,0,0,0,0,0,0
routeplan::initializeroute,0,0,0,0,1,0,0,0,0
routeplan::isvalid,0,0,1,0,0,0,0,0,0
routeplan::optimize,0,0,0,1,0,0,0,0,0
routeplan::optimizeroute,0,0,1,1,0,0,0,0,0
routeplan::planroute,0,0,0,0,0,0,0,1,1
routeplan::reorderwaypoints,0,0,1,0,0,0,0,0,0
routeplan::setwaypoints,0,0,0,0,1,0,0,0,0
routeplan::updatewaypoints,0,0,0,0,1,0,0,0,0
routeplan::validate,0,0,1,0,0,0,0,0,0
routeplan::validateroute,0,0,0,0,1,0,0,0,0
routeplan::validaterouteplan,0,0,1,0,0,0,0,0,0
routeplan::validatewaypoints,0,0,0,1,0,0,0,0,0
routeplan::validatewaypointsequence,0,0,0,0,0,0,0,0,1
searchfilter::addcategory,0,0,1,0,0,0,0,0,0
searchfilter::addcategoryfilter,0,0,1,0,0,0,0,0,0
searchfilter::addkeyword,0,0,1,0,0,0,0,0,0
searchfilter::apply,1,1,0,0,1,0,0,0,0
searchfilter::applycategoryfilter,0,0,0,1,0,0,0,0,0
searchfilter::applyfilter,0,0,1,0,0,1,0,1,1
searchfilter::applyfilters,1,0,1,1,0,0,0,0,1
searchfilter::applylocationfilter,0,0,0,1,0,0,0,0,0
searchfilter::build,0,1,0,0,0,0,0,0,0
searchfilter::createsearchfilter,0,0,0,0,1,0,0,0,0
searchfilter::filter,1,1,0,0,0,0,0,0,0
searchfilter::filterbycategories,0,0,1,0,0,0,0,0,0
searchfilter::filterbykeywords,0,0,1,0,0,0,0,0,0
searchfilter::filterbylocation,0,0,1,0,0,0,0,0,0
searchfilter::filterproducts,1,1,0,0,0,1,0,1,0
searchfilter::findmatchingproducts,0,0,0,0,0,1,0,0,0
searchfilter::getfilteredresults,0,0,0,0,0,0,0,0,1
searchfilter::isvalid,0,0,0,0,1,0,0,0,0
searchfilter::iswithindistance,0,0,1,0,0,0,0,0,0
searchfilter::matches,0,0,1,0,0,0,0,0,0
searchfilter::matchescategories,0,0,1,0,0,0,0,0,0
searchfilter::matcheskeywords,0,0,1,0,0,0,0,0,0
searchfilter::matchesproduct,0,0,1,0,0,0,0,0,0
searchfilter::search,1,1,0,0,0,0,1,0,0
searchfilter::searchproducts,0,0,0,0,0,0,1,1,0
searchfilter::setcriteria,0,0,0,0,0,1,0,0,0
searchfilter::setkeywordfilter,0,0,1,0,0,0,0,0,0
searchfilter::setkeywords,0,0,1,0,0,0,0,0,0
searchfilter::setlocation,0,0,1,0,0,0,0,0,0
searchfilter::setlocationfilter,0,0,1,0,0,0,0,0,0
searchfilter::setlocationradius,0,0,1,0,0,0,0,0,0
searchfilter::setmaxdistance,0,0,1,0,0,0,0,0,0
searchfilter::validate,0,0,0,0,1,0,0,0,0
searchfilter::validatecriteria,0,0,0,1,0,0,0,0,0
searchfilter::validatefilter,0,0,1,0,1,0,0,0,0
searchfilter::validatesearchcriteria,0,0,1,0,0,0,0,0,0
searchfilter::withindistance,0,0,1,0,0,0,0,0,0
serviceprovider::acceptcollectionrequest,1,1,0,1,0,0,0,0,1
serviceprovider::acceptrequest,1,0,0,1,0,1,1,0,1
serviceprovider::accepttransportrequest,1,1,0,1,0,1,0,0,0
serviceprovider::activate,0,1,0,0,0,0,0,0,0
serviceprovider::addressissues,0,0,0,0,0,1,0,0,0
serviceprovider::addservicearea,0,0,1,0,0,0,0,0,0
serviceprovider::addvehicletype,0,0,1,0,0,0,0,0,0
serviceprovider::approve,0,1,0,0,0,0,0,0,0
serviceprovider::approveprofile,0,1,0,0,0,0,0,0,0
serviceprovider::approveprovider,0,0,0,0,0,1,0,0,0
serviceprovider::assigntorequest,0,0,0,0,0,0,0,0,1
serviceprovider::assigntoservicerequest,0,0,1,0,0,0,0,0,0
serviceprovider::bookservice,0,0,0,0,0,0,0,0,1
serviceprovider::canhandle,0,1,0,0,0,0,0,0,0
serviceprovider::checkavailability,0,1,0,1,1,1,0,0,1
serviceprovider::checkcapacity,0,1,0,0,0,0,0,0,0
serviceprovider::checkcollectioncapacity,0,1,0,0,0,0,0,0,0
serviceprovider::checkfeasibility,0,0,0,0,1,1,0,0,0
serviceprovider::checklogisticsfeasibility,0,1,0,0,0,0,0,0,0
serviceprovider::checktransportfeasibility,0,1,0,0,0,0,0,0,0
serviceprovider::checkvehicleavailability,0,1,0,0,0,1,0,0,1
serviceprovider::completerequest,1,0,0,0,0,0,0,0,0
serviceprovider::completetransport,0,1,0,0,0,0,0,0,0
serviceprovider::confirmacceptance,0,0,0,0,0,0,0,0,1
serviceprovider::confirmcollectionrequest,0,1,0,0,0,0,0,0,0
serviceprovider::confirmtransportrequest,0,1,0,0,0,0,0,0,0
serviceprovider::createproviderprofile,0,0,0,0,1,0,0,0,0
serviceprovider::deactivate,0,1,0,0,0,0,0,0,0
serviceprovider::deactivateprofile,0,1,0,0,0,0,0,0,0
serviceprovider::deactivateprovider,0,0,0,0,0,1,0,0,0
serviceprovider::deactivateprovideraccount,0,0,0,0,1,0,0,0,0
serviceprovider::declinerequest,0,0,0,0,0,0,1,0,1
serviceprovider::dispatchcollection,0,1,0,0,0,1,0,0,0
serviceprovider::dispatchcollectionteam,0,1,0,0,1,0,0,0,0
serviceprovider::dispatchteam,0,1,0,0,0,1,0,0,1
serviceprovider::dispatchvehicle,0,1,0,0,0,0,0,0,1
serviceprovider::editprofile,0,0,0,0,0,0,0,0,1
serviceprovider::evaluatecollectionfeasibility,0,1,0,0,0,0,0,0,0
serviceprovider::evaluatetransportfeasibility,0,1,0,0,0,0,0,0,0
serviceprovider::executetransport,0,1,0,0,0,0,0,0,0
serviceprovider::getavailableproviders,0,1,0,0,0,0,0,0,0
serviceprovider::getpendingcollectionrequests,0,0,0,0,0,1,0,0,0
serviceprovider::getpendingtransportrequests,0,0,0,0,0,1,0,0,0
serviceprovider::getprofile,0,0,0,0,0,0,1,0,0
serviceprovider::handlecollectionrequest,0,0,0,0,0,0,1,0,0
serviceprovider::handletransportrequest,0,0,0,0,0,0,1,0,0
serviceprovider::initializeprovider,0,0,0,0,1,0,0,0,0
serviceprovider::listcompanies,0,0,0,0,0,1,0,0,0
serviceprovider::listpendingcollectionrequests,0,1,0,0,0,0,0,0,0
serviceprovider::listpendingrequests,0,0,0,0,0,1,0,0,0
serviceprovider::listpendingtransportrequests,0,1,0,0,0,1,0,0,0
serviceprovider::managecollectionrequest,0,0,0,0,0,0,1,0,0
serviceprovider::managetransportrequest,0,0,0,0,0,0,1,0,0
serviceprovider::markascollected,0,0,0,0,0,0,0,0,1
serviceprovider::markascompleted,0,0,0,0,0,0,0,0,1
serviceprovider::markrequestcollected,0,1,0,0,0,0,0,0,0
serviceprovider::notifyrequestaccepted,0,0,0,0,0,0,0,0,1
serviceprovider::operaterouteplan,0,1,0,0,0,0,0,0,0
serviceprovider::performtransport,0,1,0,0,1,1,0,0,0
serviceprovider::receiverequest,0,1,0,0,0,0,0,0,0
serviceprovider::removeservicearea,0,0,1,0,0,0,0,0,0
serviceprovider::reviewprofiles,0,0,0,0,0,1,0,0,0
serviceprovider::saveupdates,0,0,0,0,0,1,0,0,0
serviceprovider::schedulecollection,0,0,0,0,0,0,0,0,1
serviceprovider::schedulerequest,0,0,0,0,0,1,0,0,1
serviceprovider::scheduleservice,0,1,0,0,0,0,0,0,0
serviceprovider::scheduletransport,0,1,0,1,0,1,0,0,1
serviceprovider::submitprofileupdates,0,0,0,0,0,0,0,0,1
serviceprovider::updateavailability,0,0,1,0,0,0,0,0,0
serviceprovider::updateavailabilityschedule,0,0,1,0,0,0,0,0,0
serviceprovider::updatecompanydetails,0,0,0,0,1,0,0,0,0
serviceprovider::updatecompanyinfo,0,0,1,0,0,0,0,0,0
serviceprovider::updatecompanyname,0,0,0,1,1,1,0,0,0
serviceprovider::updatecompanyprofile,0,0,0,0,1,0,0,0,0
serviceprovider::updatedetails,0,1,0,0,1,0,0,0,0
serviceprovider::updatefields,0,0,0,0,0,1,0,0,0
serviceprovider::updateoperatinghours,0,0,0,0,1,0,0,0,0
serviceprovider::updateprofile,1,1,1,0,0,1,1,1,0
serviceprovider::updateprofiledetails,0,1,0,0,0,0,0,0,1
serviceprovider::updateprofilesettings,0,0,0,0,1,0,0,0,0
serviceprovider::updateproviderdetails,0,0,0,0,1,1,0,0,0
serviceprovider::updateproviderprofile,1,1,1,0,0,0,0,0,0
serviceprovider::updateserviceablevehicletypes,0,0,0,0,1,0,0,0,0
serviceprovider::updateserviceareas,0,0,1,1,0,0,0,0,0
serviceprovider::updateservicedetails,1,1,0,1,1,0,0,0,0
serviceprovider::updateserviceprofile,1,0,0,1,0,0,0,0,0
serviceprovider::updateserviceproviderdetails,0,0,1,0,0,0,0,0,0
serviceprovider::updateserviceproviderprofile,0,0,1,0,0,0,0,1,1
serviceprovider::updatesupportedvehicles,0,0,1,0,0,0,0,0,0
serviceprovider::validateprofile,0,0,0,0,0,0,0,0,1
serviceprovider::validateprofileupdate,0,1,0,0,0,0,0,0,0
serviceprovider::validateprofileupdates,0,0,0,0,0,1,0,0,1
serviceprovider::validateserviceprovider,0,0,1,0,0,0,0,0,0
serviceprovider::validateupdates,0,0,0,0,0,1,0,0,0
serviceprovider::viewpendingrequests,0,0,0,0,0,0,1,0,0
servicerequest::accept,0,1,1,0,1,1,0,0,0
servicerequest::acceptandschedulerequest,0,0,0,0,0,1,0,0,0
servicerequest::acceptrequest,0,0,1,0,1,0,0,0,1
servicerequest::addtrackingjourney,0,0,1,0,0,0,0,0,0
servicerequest::assignjourney,0,0,1,0,0,0,0,0,0
servicerequest::assignprovider,1,1,1,0,1,0,0,0,1
servicerequest::assignserviceprovider,0,0,1,0,0,0,0,0,1
servicerequest::assigntoprovider,0,1,0,1,0,0,0,0,0
servicerequest::assigntrackingjourney,0,0,0,0,1,0,0,0,0
servicerequest::assignwastejourney,0,0,0,0,1,0,0,0,0
servicerequest::bookservice,0,0,0,0,0,1,0,0,0
servicerequest::canbecancelled,0,0,0,0,0,0,0,0,1
servicerequest::canbecancelledbyuser,0,0,0,0,1,0,0,0,0
servicerequest::cancel,1,1,1,1,1,1,1,0,1
servicerequest::cancelbyuser,0,0,0,0,1,0,0,0,0
servicerequest::cancelrequest,1,1,1,1,1,1,1,1,1
servicerequest::checkcancellationeligibility,0,0,0,0,0,0,0,0,1
servicerequest::complete,0,1,1,1,1,0,0,0,0
servicerequest::completecollection,0,0,0,0,1,0,0,0,0
servicerequest::completerequest,0,0,1,0,1,1,0,0,1
servicerequest::completetransport,0,0,0,0,1,0,0,0,0
servicerequest::confirmschedule,0,0,0,1,0,0,0,0,0
servicerequest::confirmscheduling,0,0,0,1,0,0,0,0,0
servicerequest::createrequest,1,0,1,1,0,1,0,0,1
servicerequest::decline,0,0,0,0,1,0,0,0,0
servicerequest::declinerequest,0,0,0,0,1,0,0,0,0
servicerequest::getdetails,0,0,0,0,0,1,0,0,0
servicerequest::getrequestdetails,0,0,1,0,0,0,0,0,0
servicerequest::getrequester,0,0,0,0,1,0,0,0,0
servicerequest::getrequestsbyrequester,0,1,0,0,0,0,0,0,0
servicerequest::getscheduledtime,0,0,0,0,1,0,0,0,0
servicerequest::getservicerequeststatus,0,0,0,0,0,0,0,0,1
servicerequest::getstatus,0,1,1,0,1,1,0,0,0
servicerequest::initializerequest,0,1,0,0,1,0,0,0,0
servicerequest::iscancellable,1,0,0,0,0,0,0,0,0
servicerequest::iseditable,0,0,1,0,0,0,0,0,0
servicerequest::iseligibleforcancellation,0,0,1,0,0,0,0,0,0
servicerequest::ispastcancellationwindow,0,0,1,0,0,0,0,0,0
servicerequest::linkwastejourney,0,0,0,0,1,0,0,0,1
servicerequest::listrequests,0,0,0,0,0,1,0,0,0
servicerequest::markascompleted,0,0,1,0,1,0,0,0,0
servicerequest::markcollected,0,1,0,0,0,0,0,0,0
servicerequest::markcompleted,1,1,1,0,0,0,0,0,0
servicerequest::markscheduled,0,1,0,0,0,0,0,0,0
servicerequest::propose,0,0,1,0,0,0,0,0,0
servicerequest::proposealternativetime,0,0,0,0,1,0,0,0,0
servicerequest::proposealternativetimeslots,0,0,0,0,1,0,0,0,0
servicerequest::proposetimes,0,0,0,0,1,0,0,0,0
servicerequest::proposetimeslot,0,0,1,0,0,0,0,0,0
servicerequest::proposetimeslots,0,0,1,0,0,0,0,0,0
servicerequest::recordjourneystageupdate,0,0,0,0,1,0,0,0,0
servicerequest::reject,0,1,0,0,0,0,0,0,0
servicerequest::reviewlistings,0,0,0,0,0,1,0,0,0
servicerequest::schedule,1,1,1,1,1,0,1,0,0
servicerequest::schedulecollection,0,0,0,1,0,0,0,0,0
servicerequest::schedulerequest,1,0,1,0,1,0,1,0,1
servicerequest::scheduleservice,0,0,1,0,0,0,0,0,1
servicerequest::setstatus,0,0,0,0,0,1,0,0,1
servicerequest::submit,0,1,1,0,0,1,0,0,1
servicerequest::submitrequest,1,1,1,1,0,0,1,1,1
servicerequest::transitionstatus,0,0,0,1,0,0,0,0,0
servicerequest::updatedetails,0,0,0,0,1,0,0,0,0
servicerequest::updatelistings,0,0,0,0,0,1,0,0,0
servicerequest::updateservicelisting,0,0,0,0,0,0,0,0,1
servicerequest::updatestatus,1,0,0,1,1,1,1,0,1
servicerequest::validate,0,0,1,0,0,0,0,0,0
servicerequest::validatecancellation,0,0,0,1,0,0,0,0,0
servicerequest::validaterequest,0,0,1,0,0,0,0,0,1
servicerequest::validaterequestconsistency,0,0,0,1,0,0,0,0,0
servicerequest::validaterequestconstraints,0,0,0,1,0,0,0,0,0
servicerequest::validaterequestdata,0,0,1,0,0,0,0,0,0
servicerequest::validaterequestdetails,0,1,0,1,1,0,0,0,1
servicerequest::viewdetails,0,0,0,0,0,1,0,0,1
servicerequest::viewstatus,1,0,0,0,0,0,0,0,1
servicerequestdetails::adddetail,0,0,1,0,0,0,0,0,0
servicerequestdetails::adddetails,0,0,1,0,0,0,0,0,0
servicerequestdetails::addrequestdetail,0,0,1,0,0,0,0,0,0
servicerequestdetails::extractpayload,0,0,1,0,0,0,0,0,0
servicerequestdetails::getdetail,0,0,1,0,0,0,0,0,0
servicerequestdetails::getrequestdetail,0,0,1,0,0,0,0,0,0
servicerequestdetails::updatedetails,0,0,1,0,0,0,0,0,0
servicerequestdetails::validatepayloadstructure,0,0,0,1,0,0,0,0,0
timerange::contains,0,0,1,0,0,0,0,0,0
timerange::isavailable,0,0,1,0,0,0,0,0,0
timerange::isvalid,0,0,1,0,1,0,0,0,0
timerange::iswithin,0,0,1,0,0,0,0,0,0
timerange::iswithinbusinesshours,0,0,1,0,0,0,0,0,0
timerange::overlaps,0,0,1,0,0,0,1,0,0
timerange::overlapswith,0,0,1,1,0,0,0,0,0
timerange::validate,0,0,0,1,0,0,0,0,0
timerange::validateconsistency,0,0,0,1,0,0,0,0,0
timerange::validaterange,0,0,0,0,1,0,0,0,0
timerange::validatetimeorder,0,0,0,0,0,0,0,0,1
timerange::validatetimerange,0,0,1,0,0,0,0,0,0
transportrequest::accept,0,1,0,0,0,0,0,0,0
transportrequest::acceptrequest,1,1,0,0,0,1,0,0,0
transportrequest::accepttransport,1,0,0,0,0,0,0,0,0
transportrequest::assignrouteplan,0,0,1,0,0,0,0,0,0
transportrequest::assigntransport,1,0,0,0,0,0,0,0,0
transportrequest::calculateoptimalroute,0,0,0,1,0,0,0,0,0
transportrequest::checkvehicleavailability,0,0,0,0,0,0,0,0,1
transportrequest::complete,0,1,0,0,0,0,0,0,0
transportrequest::completerequest,0,0,0,0,0,1,0,0,0
transportrequest::completetransport,1,0,0,0,0,0,0,0,0
transportrequest::confirmacceptance,0,0,0,0,0,0,0,0,1
transportrequest::confirmrequest,0,0,0,0,0,0,0,0,1
transportrequest::confirmtransport,0,0,0,0,0,1,0,0,0
transportrequest::create,0,1,0,0,0,0,0,0,0
transportrequest::createrequest,0,0,0,0,0,1,0,0,0
transportrequest::createroute,0,0,0,0,0,0,0,0,1
transportrequest::createrouteplan,0,0,1,0,0,0,0,0,0
transportrequest::createtransportrequest,1,0,1,0,1,0,0,0,0
transportrequest::decline,0,1,0,0,0,0,0,0,0
transportrequest::defineroute,0,0,0,0,1,0,0,0,0
transportrequest::generaterouteplan,0,0,0,1,0,0,0,0,0
transportrequest::initializetransportrequest,0,0,0,0,1,0,0,0,0
transportrequest::markascompleted,1,0,0,0,0,0,0,0,1
transportrequest::markastransported,0,0,0,0,1,0,0,0,0
transportrequest::markcompleted,1,1,0,0,0,0,0,0,0
transportrequest::markdelivered,0,1,0,0,0,0,0,0,0
transportrequest::optimizeroute,0,0,1,1,0,0,0,0,0
transportrequest::planroute,0,1,0,0,1,0,1,0,0
transportrequest::scheduletransport,1,1,0,0,0,1,1,1,1
transportrequest::setrouteplan,0,0,1,0,0,1,0,0,0
transportrequest::specifytransportroute,0,0,1,0,0,0,0,0,0
transportrequest::starttransport,0,1,0,0,0,0,0,0,0
transportrequest::submit,0,1,0,0,0,0,0,0,0
transportrequest::submittransportrequest,1,0,0,0,0,0,0,0,0
transportrequest::updaterouteplan,0,0,1,0,1,0,0,0,0
transportrequest::updatestatus,0,0,0,0,0,1,0,0,0
transportrequest::updatetransportdetails,0,0,0,0,1,0,0,0,0
transportrequest::validateroute,0,0,0,1,0,0,0,0,0
transportrequest::validateroutefeasibility,0,0,0,0,0,0,0,0,1
transportrequest::validaterouteplan,0,0,1,0,0,0,0,0,0
transportrequest::validatetransportdetails,0,0,1,0,0,0,0,0,0
transportrequest::validatetransportrequest,0,0,1,0,0,0,0,0,0
transportrequest::viewdetails,0,0,0,0,0,1,0,0,0
user::deactivateaccount,1,0,0,0,0,0,0,0,0
user::login,1,0,0,0,0,0,0,0,0
user::logout,1,0,0,0,0,0,0,0,0
user::register,1,0,0,0,0,0,0,0,0
user::requestpasswordreset,1,0,0,0,0,0,0,0,0
user::resetpassword,1,0,0,0,0,0,0,0,0
user::updateprofile,1,0,0,0,0,0,0,0,0
user::verifyemail,1,0,0,0,0,0,0,0,0
useraccount::activate,0,1,1,1,0,0,0,0,1
useraccount::activateaccount,1,1,1,1,1,1,0,0,1
useraccount::activateemail,1,0,0,0,0,0,0,0,0
useraccount::approveaccount,0,0,0,0,1,0,0,0,0
useraccount::assignserviceproviderrole,0,0,0,0,1,0,0,0,0
useraccount::attemptlogin,0,0,0,0,0,1,0,0,0
useraccount::authenticate,0,1,0,0,0,0,0,0,0
useraccount::authorizelogin,0,1,0,0,0,0,0,0,0
useraccount::canlogin,0,0,0,0,1,0,0,0,0
useraccount::changeaccountstatus,0,0,0,0,0,1,0,0,0
useraccount::checkaccountstatus,0,0,0,0,1,0,0,0,0
useraccount::confirmpasswordreset,0,0,0,0,0,1,0,0,0
useraccount::create,0,0,1,1,0,0,0,0,1
useraccount::createaccount,1,1,1,1,1,1,0,0,1
useraccount::createnewaccount,0,0,0,1,0,0,0,0,0
useraccount::createunverifiedaccount,0,0,0,1,0,0,0,0,1
useraccount::deactivate,1,1,1,1,1,1,0,0,1
useraccount::deactivateaccount,1,0,1,1,1,1,1,1,1
useraccount::endsession,0,0,0,0,0,0,0,0,1
useraccount::generateemailverificationtoken,0,1,0,0,0,0,0,0,0
useraccount::getaccountstatus,0,0,1,0,0,0,0,0,0
useraccount::incrementfailedattempts,0,0,0,1,0,0,0,0,1
useraccount::incrementfailedlogin,0,0,0,0,0,0,0,0,1
useraccount::incrementfailedloginattempts,0,0,0,0,0,0,0,0,1
useraccount::initializeaccount,0,0,0,0,1,0,0,0,0
useraccount::initializeserviceproviderprofile,0,0,0,0,1,0,0,0,0
useraccount::initiatepasswordreset,0,1,0,0,0,0,0,0,0
useraccount::isactive,0,0,1,1,1,0,0,0,0
useraccount::iseligibletologin,1,0,0,0,0,0,0,0,0
useraccount::islocked,0,0,1,0,0,0,0,0,0
useraccount::lock,0,0,1,1,1,0,0,0,0
useraccount::lockaccount,1,1,1,1,1,0,1,1,1
useraccount::login,0,0,1,0,1,1,1,1,0
useraccount::logout,1,1,1,0,0,1,1,1,0
useraccount::markemailverified,0,1,0,0,0,0,0,0,0
useraccount::reactivateaccount,0,0,0,0,1,0,0,0,0
useraccount::recordlogin,1,1,0,1,0,0,0,0,1
useraccount::recordloginfailure,0,0,0,0,0,1,0,0,0
useraccount::recordloginsuccess,0,0,0,0,0,1,0,0,0
useraccount::recordlogintime,0,0,1,0,0,0,0,0,1
useraccount::recordlogintimestamp,1,0,0,0,0,1,0,0,1
useraccount::recordregistrationdate,0,0,0,0,1,0,0,0,0
useraccount::recoverpassword,0,0,0,0,0,0,1,0,0
useraccount::register,1,1,1,0,0,0,1,0,0
useraccount::registeraccount,1,0,0,0,0,0,0,0,0
useraccount::registernewaccount,1,0,0,0,0,0,0,0,0
useraccount::registerunverified,0,1,0,0,0,0,0,0,0
useraccount::registeruser,0,0,0,0,0,1,1,1,0
useraccount::resetloginattempts,0,0,0,1,0,0,0,0,0
useraccount::resetpassword,0,0,1,0,0,1,1,1,0
useraccount::sendpasswordresetlink,0,0,0,0,0,0,0,0,1
useraccount::setaccountstatus,0,0,1,0,0,0,0,0,1
useraccount::suspend,0,0,0,0,1,0,0,0,0
useraccount::suspendaccount,0,0,1,0,1,0,0,0,0
useraccount::terminatesession,0,1,0,0,0,0,0,0,1
useraccount::unlock,0,0,1,1,0,0,0,0,0
useraccount::unlockaccount,1,0,1,1,1,0,1,1,0
useraccount::unsuspend,0,0,0,0,1,0,0,0,0
useraccount::updatelastlogin,0,0,0,0,0,0,0,0,1
useraccount::updatelastlogindate,0,0,0,0,0,0,0,0,1
useraccount::updatelogintimestamp,0,0,0,0,0,0,0,0,1
useraccount::updateprofile,0,0,1,0,0,1,1,1,0
useraccount::updateprofiledetails,0,0,0,0,0,0,1,0,0
useraccount::updatestatus,0,0,1,1,0,0,0,0,0
useraccount::validatecredentials,0,1,0,0,0,0,0,0,1
useraccount::validateemailformat,0,0,0,0,0,0,0,0,1
useraccount::validatepasswordstrength,0,0,0,0,0,0,0,0,1
useraccount::validateregistration,0,0,0,0,0,0,0,0,1
useraccount::validateuseraccount,0,0,1,0,0,0,0,0,0
useraccount::verifyemail,1,1,0,0,0,1,1,1,0
usercredentials::attemptlogin,0,0,0,0,0,1,0,0,0
usercredentials::authenticate,0,1,1,1,1,0,0,0,0
usercredentials::changepassword,0,0,1,0,0,0,0,0,0
usercredentials::checkpassword,0,1,0,0,1,1,0,0,0
usercredentials::clearfailedloginattempts,1,0,0,0,0,0,0,0,0
usercredentials::clearpasswordresettoken,0,0,0,0,1,0,0,0,0
usercredentials::completepasswordreset,0,0,0,1,1,0,0,0,0
usercredentials::confirmpasswordreset,1,0,0,0,0,0,0,0,0
usercredentials::createcredentials,0,0,0,0,1,0,0,0,0
usercredentials::createpasswordresettoken,0,0,1,0,0,0,0,0,0
usercredentials::encryptpassword,0,0,1,0,0,0,0,0,0
usercredentials::generateemailverificationtoken,0,0,0,0,1,0,0,0,0
usercredentials::generatepasswordresettoken,1,1,1,1,1,1,0,1,1
usercredentials::generateresettoken,1,0,1,1,0,1,0,0,0
usercredentials::generateverificationtoken,0,0,0,0,1,0,0,0,0
usercredentials::getemail,0,0,0,0,1,0,0,0,0
usercredentials::getfailedloginattempts,0,0,0,0,1,0,0,0,0
usercredentials::hasexceededfailedloginattempts,0,0,0,0,1,0,0,0,0
usercredentials::hasexceededmaxloginattempts,0,0,0,0,1,0,0,0,0
usercredentials::incrementfailedattempts,1,0,1,1,0,0,0,0,1
usercredentials::incrementfailedlogin,1,1,0,0,0,0,0,0,0
usercredentials::incrementfailedloginattempts,1,1,1,0,1,0,0,0,0
usercredentials::initializecredentials,0,0,0,0,1,0,0,0,0
usercredentials::initiatepasswordreset,1,1,0,1,1,0,0,0,0
usercredentials::invalidateemailverificationtoken,0,0,0,0,1,0,0,0,0
usercredentials::invalidatepasswordresettoken,0,0,0,0,1,0,0,0,0
usercredentials::invalidateresettoken,0,0,0,1,0,0,0,0,0
usercredentials::isaccountlocked,0,0,1,0,0,0,0,0,0
usercredentials::isloginallowed,0,0,0,0,1,0,0,0,0
usercredentials::ispasswordresettokenvalid,0,0,1,0,1,0,0,0,0
usercredentials::isresettokenvalid,1,1,1,0,0,0,0,0,0
usercredentials::istokenexpired,0,0,1,0,0,0,0,0,0
usercredentials::istokenvalid,0,0,1,0,0,0,0,0,1
usercredentials::isvalidpasswordresettoken,0,0,0,0,1,0,0,0,0
usercredentials::isvalidverificationtoken,0,0,0,0,1,0,0,0,0
usercredentials::lockaccount,0,0,0,0,0,0,0,0,1
usercredentials::matchespassword,0,0,0,0,1,0,0,0,0
usercredentials::recordfailedattempt,1,0,0,0,0,0,0,0,0
usercredentials::recordfailedloginattempt,0,0,0,0,1,0,0,0,0
usercredentials::recordlogin,1,1,0,1,0,1,0,0,0
usercredentials::recordloginattempt,0,0,1,0,0,0,0,0,0
usercredentials::recordlogintime,0,0,1,0,0,0,0,0,0
usercredentials::recordlogintimestamp,0,0,0,0,1,1,0,0,0
usercredentials::recordlogout,0,0,1,0,0,0,0,0,0
usercredentials::recordlogouttime,0,0,1,0,0,0,0,0,0
usercredentials::recordpasswordchange,0,0,1,0,0,0,0,0,0
usercredentials::recordsuccessfullogin,0,1,1,1,1,0,0,0,0
usercredentials::resetfailedattempts,1,0,1,1,0,0,0,0,1
usercredentials::resetfailedloginattempts,1,1,1,0,1,0,0,0,0
usercredentials::resetloginattempts,0,0,0,1,0,0,0,0,0
usercredentials::resetpassword,1,1,1,1,1,1,1,1,1
usercredentials::resetpasswordtoken,0,0,0,0,0,0,1,0,0
usercredentials::sendpasswordresetlink,0,0,0,0,0,1,0,0,0
usercredentials::setnewpassword,0,0,0,0,0,1,0,0,0
usercredentials::setpassword,1,0,0,0,1,1,0,0,0
usercredentials::setresettoken,1,0,0,0,0,0,0,0,0
usercredentials::shouldlockaccount,0,0,0,0,1,0,0,0,0
usercredentials::updatelastlogin,0,1,0,0,0,0,0,0,0
usercredentials::updatelastlogindate,0,0,1,1,1,1,0,0,0
usercredentials::updatepassword,1,1,1,1,1,1,1,1,1
usercredentials::validatecredentials,1,1,1,1,0,1,1,1,1
usercredentials::validatecredentialsformat,0,0,0,0,0,0,0,0,1
usercredentials::validateemail,0,0,1,0,0,0,0,0,0
usercredentials::validateemailandpassword,0,0,0,0,0,1,0,0,0
usercredentials::validateemailformat,0,1,0,0,0,1,1,0,0
usercredentials::validateemailverificationtoken,0,0,0,0,1,0,0,0,0
usercredentials::validatelogin,1,0,0,0,0,0,0,0,0
usercredentials::validatepassword,1,0,1,1,1,1,0,1,0
usercredentials::validatepasswordresettoken,0,1,1,0,1,1,0,0,0
usercredentials::validatepasswordstrength,0,1,1,1,1,1,1,0,1
usercredentials::validateresetlink,0,0,0,0,0,1,0,0,0
usercredentials::validateresettoken,1,0,1,0,0,1,0,0,1
usercredentials::validatetoken,0,0,1,0,0,0,0,0,0
usercredentials::validatetokenexpiration,0,0,0,0,0,0,0,0,1
usercredentials::validateverificationtoken,0,1,0,0,0,0,0,0,0
usercredentials::verifycredentials,0,0,0,0,0,1,0,0,0
usercredentials::verifyemailtoken,0,0,0,0,1,0,0,0,0
usercredentials::verifypassword,0,1,1,0,1,1,0,0,0
usercredentials::verifypasswordresettoken,0,0,0,0,1,0,0,0,0
usercredentials::verifyresettoken,0,0,0,0,0,1,0,0,0
userprofile::applychanges,0,1,0,0,0,0,0,0,0
userprofile::applyprofilechanges,0,1,0,0,0,0,0,0,0
userprofile::applyupdate,0,1,0,0,0,0,0,0,0
userprofile::applyupdates,0,1,0,0,0,0,0,0,0
userprofile::assignrole,0,0,1,0,1,0,0,0,0
userprofile::changeemail,0,0,0,0,1,0,0,0,0
userprofile::changerole,0,0,1,0,1,1,0,0,0
userprofile::confirmemailverification,0,1,0,1,0,0,0,0,0
userprofile::createprofile,0,0,0,0,1,0,0,0,0
userprofile::deactivateaccount,0,0,0,0,0,0,1,0,0
userprofile::generateverificationtoken,0,0,0,0,0,1,0,0,0
userprofile::getemailverificationtokenexpiration,0,0,0,0,0,0,0,0,1
userprofile::getproductlistings,0,0,0,0,0,1,0,0,0
userprofile::getprofile,0,0,0,0,0,0,1,0,0
userprofile::getrole,0,0,0,0,1,0,0,0,0
userprofile::getservicerequests,0,0,0,0,0,1,0,0,0
userprofile::initializeprofile,0,0,0,0,1,0,0,0,0
userprofile::initiateemailverification,0,0,0,0,1,0,0,0,0
userprofile::isemailverified,0,1,1,0,1,0,0,0,0
userprofile::markemailasverified,0,0,0,1,1,0,0,0,1
userprofile::markemailverified,1,1,0,1,0,0,0,0,0
userprofile::promoteto,0,0,1,0,0,0,0,0,0
userprofile::recordaccountlockdate,0,0,0,0,1,0,0,0,0
userprofile::recorddeactivation,0,0,0,0,1,0,0,0,0
userprofile::recorddeactivationreason,0,0,0,1,1,0,0,0,0
userprofile::recordlastupdate,0,0,0,1,0,0,0,0,0
userprofile::recordlastupdateddate,0,0,0,0,0,0,0,0,1
userprofile::recordlockdate,0,0,0,1,1,0,0,0,0
userprofile::recordlogintime,0,0,1,0,0,0,0,0,0
userprofile::recordmodificationtimestamp,0,0,0,0,0,1,0,0,0
userprofile::recordprofileupdate,0,0,1,0,0,0,0,0,0
userprofile::recordupdatetimestamp,0,0,0,0,1,1,0,0,0
userprofile::searchprofile,0,0,0,0,0,1,0,0,0
userprofile::senddeactivationconfirmation,0,0,0,0,0,0,0,0,1
userprofile::sendverificationemail,0,0,0,0,0,0,0,0,1
userprofile::setaccountlockeddate,0,0,0,0,1,0,0,0,0
userprofile::setaddress,0,0,0,0,0,1,0,0,0
userprofile::setdeactivationreason,0,0,0,0,1,0,0,0,0
userprofile::setname,0,0,0,0,0,1,0,0,0
userprofile::setphonenumber,0,0,0,0,0,1,0,0,0
userprofile::setrole,0,0,0,0,1,1,0,0,0
userprofile::updateaddress,0,0,1,0,1,1,0,0,0
userprofile::updatecontactdetails,0,0,0,1,0,0,0,0,0
userprofile::updatecontactinfo,0,0,1,1,0,0,0,0,0
userprofile::updatedetails,0,1,0,1,0,0,1,0,1
userprofile::updateemail,0,0,0,0,1,1,0,1,0
userprofile::updatelastmodified,0,0,1,1,0,0,0,0,0
userprofile::updatelastupdateddate,0,0,0,0,0,0,0,0,1
userprofile::updatename,0,0,0,0,1,1,0,0,0
userprofile::updatephonenumber,0,0,0,0,1,1,0,0,0
userprofile::updateprofile,1,1,1,0,1,1,1,1,1
userprofile::updateprofiledata,0,1,0,0,0,0,0,0,0
userprofile::updateprofiledetails,1,0,0,1,1,0,1,0,1
userprofile::updateprofileinfo,1,0,1,0,0,0,0,0,0
userprofile::updaterole,0,0,0,0,1,1,0,0,0
userprofile::validate,0,0,0,1,0,1,0,0,0
userprofile::validatebasicinfo,0,1,0,0,0,0,0,0,0
userprofile::validateemail,0,1,1,0,0,0,0,0,0
userprofile::validateemailformat,0,1,0,1,1,1,0,0,1
userprofile::validateforupdate,0,1,0,0,0,0,0,0,0
userprofile::validatepasswordresettoken,0,0,0,0,0,0,0,0,1
userprofile::validatephoneformat,0,0,0,1,0,0,0,0,0
userprofile::validatephonenumber,0,0,0,1,0,0,0,0,0
userprofile::validateprofile,0,0,1,0,0,0,0,0,1
userprofile::validateprofiledata,0,1,1,0,1,1,0,0,1
userprofile::validateprofiledetails,0,1,0,0,1,0,0,0,0
userprofile::validateprofileupdate,0,0,0,0,0,0,0,0,1
userprofile::validateprofileupdates,0,0,0,0,0,0,0,0,1
userprofile::validateupdateddata,0,1,0,0,0,0,0,0,0
userprofile::validateupdates,0,1,0,0,0,0,0,0,0
userprofile::verifyemail,1,1,1,1,1,1,1,0,1
userprofile::verifyemailaddress,0,0,0,0,0,0,0,0,1
validationresult::adderrormessage,0,0,1,0,0,0,0,0,0
validationresult::addmessage,0,0,1,0,0,0,0,0,0
validationresult::createfailure,0,0,1,0,0,0,0,0,0
validationresult::createinvalidresult,0,0,1,0,0,0,0,0,0
validationresult::createsuccess,0,0,1,0,0,0,0,0,0
validationresult::createvalidresult,0,0,1,0,0,0,0,0,0
validationresult::isvalid,0,0,1,0,0,0,0,0,0
validationresult::validate,0,0,0,0,0,0,1,0,0
validationresult::validateaddressconsistency,0,0,0,1,0,0,0,0,0
validationresult::validateemailformat,0,0,0,1,0,0,0,0,0
validationresult::validatepasswordstrength,0,0,0,1,0,0,0,0,0
wastejourney::addprocessingstage,0,0,0,1,0,0,0,0,0
wastejourney::addstage,0,1,1,1,1,0,0,1,1
wastejourney::canceljourney,0,0,1,0,1,0,0,0,0
wastejourney::checkstatus,0,0,0,0,0,0,0,0,1
wastejourney::completejourney,0,0,1,1,1,0,0,0,0
wastejourney::createjourney,0,0,1,0,0,0,0,0,0
wastejourney::displaystatus,0,0,0,0,0,1,0,0,0
wastejourney::findbytrackingcode,0,1,1,0,0,0,0,0,0
wastejourney::generatetrackingcode,0,0,1,0,0,0,0,0,0
wastejourney::getbytrackingcode,0,1,0,0,0,0,0,0,0
wastejourney::getcurrentlocation,0,1,0,0,1,1,0,0,1
wastejourney::getcurrentstage,0,0,1,0,0,0,0,0,0
wastejourney::getcurrentstatus,1,1,0,1,1,0,0,0,1
wastejourney::getjourneybycode,0,0,1,0,0,0,0,0,0
wastejourney::getjourneybytrackingcode,0,0,1,0,0,1,0,0,0
wastejourney::getjourneystatus,0,0,1,0,0,0,0,0,0
wastejourney::getstages,0,0,0,0,1,0,0,0,0
wastejourney::getstatus,0,1,0,0,1,1,0,0,0
wastejourney::gettrackingdetails,0,0,0,0,1,0,0,0,0
wastejourney::gettrackinginfo,0,1,0,0,0,0,0,0,0
wastejourney::gettrackingstatus,0,0,0,0,0,0,0,0,1
wastejourney::initializejourney,0,0,1,0,0,0,0,0,0
wastejourney::markascollected,0,0,0,0,1,0,0,0,1
wastejourney::markasintransit,0,0,0,0,1,0,0,0,0
wastejourney::markasprocessed,0,0,0,0,1,0,0,0,0
wastejourney::markasrecycled,0,0,0,0,1,0,0,0,0
wastejourney::recordstage,0,0,0,0,1,0,0,0,1
wastejourney::recordstagetransition,0,0,0,1,0,0,0,0,0
wastejourney::startjourney,0,0,0,0,1,0,0,0,0
wastejourney::starttracking,0,0,0,0,1,0,0,0,0
wastejourney::track,1,0,0,0,0,0,1,0,0
wastejourney::trackbycode,1,0,0,0,0,0,0,0,0
wastejourney::trackjourney,1,0,0,0,0,1,1,0,1
wastejourney::trackprogress,1,0,0,0,0,0,0,0,0
wastejourney::trackstatus,1,0,0,0,0,0,0,0,1
wastejourney::trackwaste,0,0,0,0,0,0,1,0,0
wastejourney::trackwastejourney,0,0,1,0,0,0,0,0,0
wastejourney::updatecurrentlocation,1,0,1,0,1,0,0,0,0
wastejourney::updatejourneystage,0,0,0,1,1,0,0,0,0
wastejourney::updatelocation,1,0,1,1,1,0,0,0,1
wastejourney::updatestage,1,1,0,1,1,1,0,0,1
wastejourney::updatestatus,1,0,1,1,1,1,1,0,1
wastejourney::updatetrackingstage,0,0,0,0,0,0,0,0,1
wastejourney::updatetrackingstatus,0,0,0,1,0,0,1,1,1
wastejourney::validatejourney,0,0,1,0,0,0,0,0,0
wastejourney::validatetrackingcode,0,0,1,1,1,0,0,0,0
wastetracking::trackwaste,1,0,0,0,0,0,0,0,0
