pair,n_models,ClassNorm,MethodNorm
address::isverified,1,address,isverified
address::markasunverified,1,address,markasunverified
address::markasverified,3,address,markasverified
address::updateaddress,1,address,updateaddress
address::updateaddressdetails,1,address,updateaddressdetails
address::updatecoordinates,1,address,updatecoordinates
address::updatedetails,1,address,updatedetails
address::updateposition,1,address,updateposition
address::updatevalidationstatus,1,address,updatevalidationstatus
address::validate,3,address,validate
address::validateaddress,4,address,validateaddress
address::validateaddressconsistency,2,address,validateaddressconsistency
address::validateconsistency,1,address,validateconsistency
address::validateformat,2,address,validateformat
address::verify,1,address,verify
address::verifyaddress,4,address,verifyaddress
address::verifycoordinates,1,address,verifycoordinates
address::verifylocation,1,address,verifylocation
collectionpoint::addcollectionpoint,3,collectionpoint,addcollectionpoint
collectionpoint::addlocation,1,collectionpoint,addlocation
collectionpoint::addoperatinghours,3,collectionpoint,addoperatinghours
collectionpoint::applyupdates,1,collectionpoint,applyupdates
collectionpoint::calculatedistance,1,collectionpoint,calculatedistance
collectionpoint::changeoperatingprovider,1,collectionpoint,changeoperatingprovider
collectionpoint::createcollectionpoint,3,collectionpoint,createcollectionpoint
collectionpoint::createlocation,2,collectionpoint,createlocation
collectionpoint::createoreditlocation,1,collectionpoint,createoreditlocation
collectionpoint::createpoint,4,collectionpoint,createpoint
collectionpoint::deactivate,2,collectionpoint,deactivate
collectionpoint::deactivatecollectionpoint,1,collectionpoint,deactivatecollectionpoint
collectionpoint::deactivatelocation,1,collectionpoint,deactivatelocation
collectionpoint::deactivatepoint,2,collectionpoint,deactivatepoint
collectionpoint::findnearby,1,collectionpoint,findnearby
collectionpoint::findnearbypoints,1,collectionpoint,findnearbypoints
collectionpoint::getavailablepoints,1,collectionpoint,getavailablepoints
collectionpoint::getavailabletimeslots,1,collectionpoint,getavailabletimeslots
collectionpoint::getbytype,1,collectionpoint,getbytype
collectionpoint::getdetails,1,collectionpoint,getdetails
collectionpoint::getlocationdetails,1,collectionpoint,getlocationdetails
collectionpoint::getoperatinghours,1,collectionpoint,getoperatinghours
collectionpoint::getoperatinghoursforday,1,collectionpoint,getoperatinghoursforday
collectionpoint::isavailableat,1,collectionpoint,isavailableat
collectionpoint::isopenat,1,collectionpoint,isopenat
collectionpoint::isopennow,1,collectionpoint,isopennow
collectionpoint::isoperatingat,1,collectionpoint,isoperatingat
collectionpoint::listbycriteria,1,collectionpoint,listbycriteria
collectionpoint::listpoints,2,collectionpoint,listpoints
collectionpoint::removeoperatinghours,2,collectionpoint,removeoperatinghours
collectionpoint::savechanges,1,collectionpoint,savechanges
collectionpoint::savedetails,1,collectionpoint,savedetails
collectionpoint::savelocation,2,collectionpoint,savelocation
collectionpoint::saveupdates,1,collectionpoint,saveupdates
collectionpoint::searchnearby,1,collectionpoint,searchnearby
collectionpoint::searchpoints,1,collectionpoint,searchpoints
collectionpoint::setaddress,1,collectionpoint,setaddress
collectionpoint::setdetails,1,collectionpoint,setdetails
collectionpoint::setlocationaddress,1,collectionpoint,setlocationaddress
collectionpoint::setname,1,collectionpoint,setname
collectionpoint::setoperatinghours,1,collectionpoint,setoperatinghours
collectionpoint::settype,1,collectionpoint,settype
collectionpoint::updatecollectionpoint,4,collectionpoint,updatecollectionpoint
collectionpoint::updatedetails,6,collectionpoint,updatedetails
collectionpoint::updatefacilityinfo,1,collectionpoint,updatefacilityinfo
collectionpoint::updatefacilitytype,1,collectionpoint,updatefacilitytype
collectionpoint::updatelocation,3,collectionpoint,updatelocation
collectionpoint::updatelocationdetails,4,collectionpoint,updatelocationdetails
collectionpoint::updatename,1,collectionpoint,updatename
collectionpoint::updateoperatinghours,5,collectionpoint,updateoperatinghours
collectionpoint::updatepoint,2,collectionpoint,updatepoint
collectionpoint::updateposition,2,collectionpoint,updateposition
collectionpoint::validate,1,collectionpoint,validate
collectionpoint::validateaccessibility,1,collectionpoint,validateaccessibility
collectionpoint::validateaddress,2,collectionpoint,validateaddress
collectionpoint::validatecollectionpoint,1,collectionpoint,validatecollectionpoint
collectionpoint::validatedetails,3,collectionpoint,validatedetails
collectionpoint::validatefacilitydetails,1,collectionpoint,validatefacilitydetails
collectionpoint::validatefacilitytype,1,collectionpoint,validatefacilitytype
collectionpoint::validatelocation,2,collectionpoint,validatelocation
collectionpoint::validatelocationdata,2,collectionpoint,validatelocationdata
collectionpoint::validatelocationdetails,2,collectionpoint,validatelocationdetails
collectionpoint::validatelocationuniqueness,1,collectionpoint,validatelocationuniqueness
collectionpoint::validateoperatinghours,5,collectionpoint,validateoperatinghours
collectionpoint::validatepoint,1,collectionpoint,validatepoint
collectionpoint::validatepointdata,2,collectionpoint,validatepointdata
collectionpoint::validateuniqueness,1,collectionpoint,validateuniqueness
collectionpoint::viewcollectionpoints,1,collectionpoint,viewcollectionpoints
collectionpoint::viewdetails,2,collectionpoint,viewdetails
collectionpoint::viewpointinfo,1,collectionpoint,viewpointinfo
collectionrequest::accept,2,collectionrequest,accept
collectionrequest::acceptcollection,1,collectionrequest,acceptcollection
collectionrequest::acceptrequest,4,collectionrequest,acceptrequest
collectionrequest::assigncollection,1,collectionrequest,assigncollection
collectionrequest::assignvehicle,3,collectionrequest,assignvehicle
collectionrequest::assignvehicletype,1,collectionrequest,assignvehicletype
collectionrequest::checkavailability,1,collectionrequest,checkavailability
collectionrequest::completerequest,1,collectionrequest,completerequest
collectionrequest::confirmcollection,1,collectionrequest,confirmcollection
collectionrequest::create,1,collectionrequest,create
collectionrequest::createcollectionrequest,3,collectionrequest,createcollectionrequest
collectionrequest::createrequest,2,collectionrequest,createrequest
collectionrequest::decline,1,collectionrequest,decline
collectionrequest::dispatch,1,collectionrequest,dispatch
collectionrequest::initializecollectionrequest,1,collectionrequest,initializecollectionrequest
collectionrequest::markascollected,3,collectionrequest,markascollected
collectionrequest::markcollected,2,collectionrequest,markcollected
collectionrequest::proposealternativetime,1,collectionrequest,proposealternativetime
collectionrequest::schedule,1,collectionrequest,schedule
collectionrequest::schedulecollection,5,collectionrequest,schedulecollection
collectionrequest::setcollectionlocation,1,collectionrequest,setcollectionlocation
collectionrequest::setlocation,1,collectionrequest,setlocation
collectionrequest::setvehicletype,2,collectionrequest,setvehicletype
collectionrequest::specifycollectiondetails,1,collectionrequest,specifycollectiondetails
collectionrequest::startcollection,1,collectionrequest,startcollection
collectionrequest::submit,1,collectionrequest,submit
collectionrequest::submitcollectionrequest,1,collectionrequest,submitcollectionrequest
collectionrequest::submitrequest,1,collectionrequest,submitrequest
collectionrequest::updatecollectiondetails,1,collectionrequest,updatecollectiondetails
collectionrequest::updatecollectionlocation,1,collectionrequest,updatecollectionlocation
collectionrequest::updatestatus,1,collectionrequest,updatestatus
collectionrequest::validatecollectiondetails,1,collectionrequest,validatecollectiondetails
collectionrequest::validatecollectionrequest,1,collectionrequest,validatecollectionrequest
collectionrequest::validatevehicleassignment,1,collectionrequest,validatevehicleassignment
collectionrequest::validatevehiclecapacity,1,collectionrequest,validatevehiclecapacity
collectionrequest::validatevehiclecompatability,1,collectionrequest,validatevehiclecompatability
collectionrequest::validatevehiclesuitability,1,collectionrequest,validatevehiclesuitability
collectionrequest::validatevehicletype,1,collectionrequest,validatevehicletype
collectionrequest::viewdetails,1,collectionrequest,viewdetails
coordinates::calculatedistance,3,coordinates,calculatedistance
coordinates::distanceto,1,coordinates,distanceto
coordinates::isvalid,1,coordinates,isvalid
coordinates::validatecoordinates,1,coordinates,validatecoordinates
notificationservice::alertprovider,1,notificationservice,alertprovider
notificationservice::alertrequestaccepted,1,notificationservice,alertrequestaccepted
notificationservice::alertrequestupdate,1,notificationservice,alertrequestupdate
notificationservice::alertserviceprovider,2,notificationservice,alertserviceprovider
notificationservice::dispatchpasswordreset,1,notificationservice,dispatchpasswordreset
notificationservice::generatenotification,1,notificationservice,generatenotification
notificationservice::generateverificationmessage,1,notificationservice,generateverificationmessage
notificationservice::notifyaccountdeactivated,1,notificationservice,notifyaccountdeactivated
notificationservice::notifyaccountdeactivation,2,notificationservice,notifyaccountdeactivation
notificationservice::notifycancellation,1,notificationservice,notifycancellation
notificationservice::notifydeactivation,1,notificationservice,notifydeactivation
notificationservice::notifynewrequest,1,notificationservice,notifynewrequest
notificationservice::notifypasswordreset,1,notificationservice,notifypasswordreset
notificationservice::notifyprovider,2,notificationservice,notifyprovider
notificationservice::notifyproviderchange,1,notificationservice,notifyproviderchange
notificationservice::notifyprovidernewrequest,1,notificationservice,notifyprovidernewrequest
notificationservice::notifyproviderprofilechange,1,notificationservice,notifyproviderprofilechange
notificationservice::notifyprovidersofnewrequest,1,notificationservice,notifyprovidersofnewrequest
notificationservice::notifyrequestacceptance,1,notificationservice,notifyrequestacceptance
notificationservice::notifyrequestaccepted,5,notificationservice,notifyrequestaccepted
notificationservice::notifyrequestcancelled,1,notificationservice,notifyrequestcancelled
notificationservice::notifyrequestcompleted,1,notificationservice,notifyrequestcompleted
notificationservice::notifyrequeststatuschange,1,notificationservice,notifyrequeststatuschange
notificationservice::notifyserviceacceptance,1,notificationservice,notifyserviceacceptance
notificationservice::notifyserviceprovider,3,notificationservice,notifyserviceprovider
notificationservice::notifyservicerequestupdate,1,notificationservice,notifyservicerequestupdate
notificationservice::notifystatuschange,1,notificationservice,notifystatuschange
notificationservice::notifytransportaccepted,1,notificationservice,notifytransportaccepted
notificationservice::notifyuser,2,notificationservice,notifyuser
notificationservice::notifyuserrequestaccepted,1,notificationservice,notifyuserrequestaccepted
notificationservice::notifyusertransportaccepted,1,notificationservice,notifyusertransportaccepted
notificationservice::preparepasswordresettemplate,1,notificationservice,preparepasswordresettemplate
notificationservice::queueaccountdeactivation,1,notificationservice,queueaccountdeactivation
notificationservice::queuedispatchalert,1,notificationservice,queuedispatchalert
notificationservice::queuepasswordreset,1,notificationservice,queuepasswordreset
notificationservice::queuepasswordresetconfirm,1,notificationservice,queuepasswordresetconfirm
notificationservice::queueregistrationsuccess,1,notificationservice,queueregistrationsuccess
notificationservice::queuerequestaccepted,1,notificationservice,queuerequestaccepted
notificationservice::queueverificationemail,1,notificationservice,queueverificationemail
notificationservice::selectnotificationchannel,1,notificationservice,selectnotificationchannel
notificationservice::sendaccountconfirmation,1,notificationservice,sendaccountconfirmation
notificationservice::sendaccountdeactivation,1,notificationservice,sendaccountdeactivation
notificationservice::sendaccountdeactivationconfirmation,3,notificationservice,sendaccountdeactivationconfirmation
notificationservice::sendaccountdeactivationemail,2,notificationservice,sendaccountdeactivationemail
notificationservice::sendaccountdeactivationnotice,1,notificationservice,sendaccountdeactivationnotice
notificationservice::sendaccountdeactivationnotification,1,notificationservice,sendaccountdeactivationnotification
notificationservice::sendaccountlockednotification,1,notificationservice,sendaccountlockednotification
notificationservice::sendcancellationconfirmation,1,notificationservice,sendcancellationconfirmation
notificationservice::senddeactivationconfirmation,3,notificationservice,senddeactivationconfirmation
notificationservice::senddeactivationemail,1,notificationservice,senddeactivationemail
notificationservice::senddispatchrequestalert,1,notificationservice,senddispatchrequestalert
notificationservice::sendemailverification,4,notificationservice,sendemailverification
notificationservice::sendemailverificationnotification,1,notificationservice,sendemailverificationnotification
notificationservice::sendemailverificationrequest,1,notificationservice,sendemailverificationrequest
notificationservice::sendnewrequestnotification,1,notificationservice,sendnewrequestnotification
notificationservice::sendnotification,6,notificationservice,sendnotification
notificationservice::sendpasswordreset,1,notificationservice,sendpasswordreset
notificationservice::sendpasswordresetalert,1,notificationservice,sendpasswordresetalert
notificationservice::sendpasswordresetconfirm,1,notificationservice,sendpasswordresetconfirm
notificationservice::sendpasswordresetconfirmation,3,notificationservice,sendpasswordresetconfirmation
notificationservice::sendpasswordresetconfirmationnotification,1,notificationservice,sendpasswordresetconfirmationnotification
notificationservice::sendpasswordresetemail,5,notificationservice,sendpasswordresetemail
notificationservice::sendpasswordresetinstructions,1,notificationservice,sendpasswordresetinstructions
notificationservice::sendpasswordresetlink,8,notificationservice,sendpasswordresetlink
notificationservice::sendpasswordresetnotification,1,notificationservice,sendpasswordresetnotification
notificationservice::sendpasswordresetrequest,1,notificationservice,sendpasswordresetrequest
notificationservice::sendprovideralert,1,notificationservice,sendprovideralert
notificationservice::sendproviderprofilechangenotification,1,notificationservice,sendproviderprofilechangenotification
notificationservice::sendproviderprofileupdatenotification,1,notificationservice,sendproviderprofileupdatenotification
notificationservice::sendproviderstatuschangenotification,2,notificationservice,sendproviderstatuschangenotification
notificationservice::sendproviderupdatenotification,1,notificationservice,sendproviderupdatenotification
notificationservice::sendregistrationconfirmation,5,notificationservice,sendregistrationconfirmation
notificationservice::sendregistrationsuccess,2,notificationservice,sendregistrationsuccess
notificationservice::sendregistrationsuccessnotification,1,notificationservice,sendregistrationsuccessnotification
notificationservice::sendrequestaccepted,1,notificationservice,sendrequestaccepted
notificationservice::sendrequestacceptednotification,2,notificationservice,sendrequestacceptednotification
notificationservice::sendrequestcancellednotification,1,notificationservice,sendrequestcancellednotification
notificationservice::sendrequestnotification,1,notificationservice,sendrequestnotification
notificationservice::sendrequeststatusupdate,2,notificationservice,sendrequeststatusupdate
notificationservice::sendresetconfirmation,1,notificationservice,sendresetconfirmation
notificationservice::sendresetlink,1,notificationservice,sendresetlink
notificationservice::sendresetpassword,1,notificationservice,sendresetpassword
notificationservice::sendrolechangenotification,1,notificationservice,sendrolechangenotification
notificationservice::sendservicerequestacceptednotification,1,notificationservice,sendservicerequestacceptednotification
notificationservice::sendstatusalert,1,notificationservice,sendstatusalert
notificationservice::sendstatusupdate,1,notificationservice,sendstatusupdate
notificationservice::sendtransportaccepted,1,notificationservice,sendtransportaccepted
notificationservice::sendverificationemail,8,notificationservice,sendverificationemail
notificationtemplate::formattemplate,1,notificationtemplate,formattemplate
notificationtemplate::getformattedcontent,1,notificationtemplate,getformattedcontent
notificationtemplate::gettemplate,1,notificationtemplate,gettemplate
notificationtemplate::gettemplatefortype,1,notificationtemplate,gettemplatefortype
notificationtemplate::localizecontent,1,notificationtemplate,localizecontent
notificationtemplate::parsetemplate,1,notificationtemplate,parsetemplate
notificationtemplate::render,1,notificationtemplate,render
notificationtemplate::rendertemplate,1,notificationtemplate,rendertemplate
notificationtemplate::sendnotification,1,notificationtemplate,sendnotification
openinghours::coverstimestamp,1,openinghours,coverstimestamp
openinghours::isavailableat,1,openinghours,isavailableat
openinghours::isopen,2,openinghours,isopen
openinghours::isopenat,1,openinghours,isopenat
openinghours::isvalid,2,openinghours,isvalid
openinghours::isvalidschedule,1,openinghours,isvalidschedule
openinghours::matchesday,1,openinghours,matchesday
openinghours::validate,2,openinghours,validate
openinghours::validateopeninghours,1,openinghours,validateopeninghours
openinghours::validateoperatinghours,2,openinghours,validateoperatinghours
openinghours::validatetimerange,1,openinghours,validatetimerange
openinghours::validatetimeslots,1,openinghours,validatetimeslots
platformmanager::assignuserrole,2,platformmanager,assignuserrole
platformmanager::managecollectionpoints,2,platformmanager,managecollectionpoints
platformmanager::manageservicelistings,1,platformmanager,manageservicelistings
platformmanager::manageserviceproviders,2,platformmanager,manageserviceproviders
platformmanager::manageservices,1,platformmanager,manageservices
product::applyupdate,1,product,applyupdate
product::applyupdates,1,product,applyupdates
product::approvelisting,1,product,approvelisting
product::archive,1,product,archive
product::archivelisting,3,product,archivelisting
product::calculatesustainabilityscore,1,product,calculatesustainabilityscore
product::checkduplicatelisting,1,product,checkduplicatelisting
product::createandpublishlisting,1,product,createandpublishlisting
product::createdraft,1,product,createdraft
product::createlisting,6,product,createlisting
product::createproductlisting,1,product,createproductlisting
product::displaydetails,1,product,displaydetails
product::editlisting,3,product,editlisting
product::editproduct,1,product,editproduct
product::editproductlisting,1,product,editproductlisting
product::findbyfilter,1,product,findbyfilter
product::list,1,product,list
product::listlistings,1,product,listlistings
product::listproduct,4,product,listproduct
product::publish,6,product,publish
product::publishlisting,7,product,publishlisting
product::recordlistingupdate,1,product,recordlistingupdate
product::recordupdatetimestamp,2,product,recordupdatetimestamp
product::rejectlisting,2,product,rejectlisting
product::republish,1,product,republish
product::reviselisting,1,product,reviselisting
product::searchproducts,1,product,searchproducts
product::setcategory,1,product,setcategory
product::setdescription,1,product,setdescription
product::setinventory,1,product,setinventory
product::setlisteddate,1,product,setlisteddate
product::setname,1,product,setname
product::submitforpublication,1,product,submitforpublication
product::submitlisting,1,product,submitlisting
product::update,1,product,update
product::updatecategory,1,product,updatecategory
product::updatedescription,1,product,updatedescription
product::updatedetails,5,product,updatedetails
product::updateinventory,4,product,updateinventory
product::updatelastmodified,1,product,updatelastmodified
product::updatelisting,6,product,updatelisting
product::updatelistingdetails,4,product,updatelistingdetails
product::updatelistingstatus,2,product,updatelistingstatus
product::updatename,1,product,updatename
product::updateproduct,2,product,updateproduct
product::updateproductdetails,4,product,updateproductdetails
product::updateproductlisting,1,product,updateproductlisting
product::updatesustainabilityscore,1,product,updatesustainabilityscore
product::validate,2,product,validate
product::validateandpublish,1,product,validateandpublish
product::validateandupdate,1,product,validateandupdate
product::validatecategory,1,product,validatecategory
product::validatecategoryrules,1,product,validatecategoryrules
product::validatedetails,1,product,validatedetails
product::validatelisting,3,product,validatelisting
product::validatelistingdata,1,product,validatelistingdata
product::validatelistingdetails,4,product,validatelistingdetails
product::validateproduct,1,product,validateproduct
product::validateproductdata,1,product,validateproductdata
product::validateproductdetails,4,product,validateproductdetails
product::validateproductupdates,1,product,validateproductupdates
product::validateupdate,1,product,validateupdate
product::validateupdateddetails,1,product,validateupdateddetails
product::validateupdatedlisting,1,product,validateupdatedlisting
product::validateupdates,1,product,validateupdates
rolemanager <<service>>::assignrole,1,rolemanager <<service>>,assignrole
rolemanager::approveserviceprovider,1,rolemanager,approveserviceprovider
rolemanager::assigndefaultrole,1,rolemanager,assigndefaultrole
rolemanager::assignrole,9,rolemanager,assignrole
rolemanager::assignroletouser,1,rolemanager,assignroletouser
rolemanager::assignserviceproviderrole,1,rolemanager,assignserviceproviderrole
rolemanager::assignuserrole,1,rolemanager,assignuserrole
rolemanager::authorize,1,rolemanager,authorize
rolemanager::authorizeuser,1,rolemanager,authorizeuser
rolemanager::canchangerole,2,rolemanager,canchangerole
rolemanager::cantransitiontorole,1,rolemanager,cantransitiontorole
rolemanager::changerole,1,rolemanager,changerole
rolemanager::changeuserrole,2,rolemanager,changeuserrole
rolemanager::deactivateserviceprovider,1,rolemanager,deactivateserviceprovider
rolemanager::demotefromserviceprovider,1,rolemanager,demotefromserviceprovider
rolemanager::designateasserviceprovider,1,rolemanager,designateasserviceprovider
rolemanager::getuserrole,1,rolemanager,getuserrole
rolemanager::grantaccess,2,rolemanager,grantaccess
rolemanager::isrolechangeallowed,1,rolemanager,isrolechangeallowed
rolemanager::promotetoserviceprovider,2,rolemanager,promotetoserviceprovider
rolemanager::removerole,1,rolemanager,removerole
rolemanager::selectnewrole,1,rolemanager,selectnewrole
rolemanager::setuserrole,1,rolemanager,setuserrole
rolemanager::updaterole,1,rolemanager,updaterole
rolemanager::updateuserrole,2,rolemanager,updateuserrole
rolemanager::validateroleassignment,1,rolemanager,validateroleassignment
rolemanager::validaterolechange,2,rolemanager,validaterolechange
rolemanager::validateroletransition,7,rolemanager,validateroletransition
routeplan::addwaypoint,1,routeplan,addwaypoint
routeplan::calculatedistance,2,routeplan,calculatedistance
routeplan::calculateoptimalroute,1,routeplan,calculateoptimalroute
routeplan::calculatetotaldistance,1,routeplan,calculatetotaldistance
routeplan::defineroute,1,routeplan,defineroute
routeplan::estimatedistance,1,routeplan,estimatedistance
routeplan::estimatetraveltime,1,routeplan,estimatetraveltime
routeplan::generateoptimalroute,1,routeplan,generateoptimalroute
routeplan::initializeroute,1,routeplan,initializeroute
routeplan::isvalid,1,routeplan,isvalid
routeplan::optimize,1,routeplan,optimize
routeplan::optimizeroute,2,routeplan,optimizeroute
routeplan::planroute,2,routeplan,planroute
routeplan::reorderwaypoints,1,routeplan,reorderwaypoints
routeplan::setwaypoints,1,routeplan,setwaypoints
routeplan::updatewaypoints,1,routeplan,updatewaypoints
routeplan::validate,1,routeplan,validate
routeplan::validateroute,1,routeplan,validateroute
routeplan::validaterouteplan,1,routeplan,validaterouteplan
routeplan::validatewaypoints,1,routeplan,validatewaypoints
routeplan::validatewaypointsequence,1,routeplan,validatewaypointsequence
searchfilter::addcategory,1,searchfilter,addcategory
searchfilter::addcategoryfilter,1,searchfilter,addcategoryfilter
searchfilter::addkeyword,1,searchfilter,addkeyword
searchfilter::apply,3,searchfilter,apply
searchfilter::applycategoryfilter,1,searchfilter,applycategoryfilter
searchfilter::applyfilter,4,searchfilter,applyfilter
searchfilter::applyfilters,4,searchfilter,applyfilters
searchfilter::applylocationfilter,1,searchfilter,applylocationfilter
searchfilter::build,1,searchfilter,build
searchfilter::createsearchfilter,1,searchfilter,createsearchfilter
searchfilter::filter,2,searchfilter,filter
searchfilter::filterbycategories,1,searchfilter,filterbycategories
searchfilter::filterbykeywords,1,searchfilter,filterbykeywords
searchfilter::filterbylocation,1,searchfilter,filterbylocation
searchfilter::filterproducts,4,searchfilter,filterproducts
searchfilter::findmatchingproducts,1,searchfilter,findmatchingproducts
searchfilter::getfilteredresults,1,searchfilter,getfilteredresults
searchfilter::isvalid,1,searchfilter,isvalid
searchfilter::iswithindistance,1,searchfilter,iswithindistance
searchfilter::matches,1,searchfilter,matches
searchfilter::matchescategories,1,searchfilter,matchescategories
searchfilter::matcheskeywords,1,searchfilter,matcheskeywords
searchfilter::matchesproduct,1,searchfilter,matchesproduct
searchfilter::search,3,searchfilter,search
searchfilter::searchproducts,2,searchfilter,searchproducts
searchfilter::setcriteria,1,searchfilter,setcriteria
searchfilter::setkeywordfilter,1,searchfilter,setkeywordfilter
searchfilter::setkeywords,1,searchfilter,setkeywords
searchfilter::setlocation,1,searchfilter,setlocation
searchfilter::setlocationfilter,1,searchfilter,setlocationfilter
searchfilter::setlocationradius,1,searchfilter,setlocationradius
searchfilter::setmaxdistance,1,searchfilter,setmaxdistance
searchfilter::validate,1,searchfilter,validate
searchfilter::validatecriteria,1,searchfilter,validatecriteria
searchfilter::validatefilter,2,searchfilter,validatefilter
searchfilter::validatesearchcriteria,1,searchfilter,validatesearchcriteria
searchfilter::withindistance,1,searchfilter,withindistance
serviceprovider::acceptcollectionrequest,4,serviceprovider,acceptcollectionrequest
serviceprovider::acceptrequest,5,serviceprovider,acceptrequest
serviceprovider::accepttransportrequest,4,serviceprovider,accepttransportrequest
serviceprovider::activate,1,serviceprovider,activate
serviceprovider::addressissues,1,serviceprovider,addressissues
serviceprovider::addservicearea,1,serviceprovider,addservicearea
serviceprovider::addvehicletype,1,serviceprovider,addvehicletype
serviceprovider::approve,1,serviceprovider,approve
serviceprovider::approveprofile,1,serviceprovider,approveprofile
serviceprovider::approveprovider,1,serviceprovider,approveprovider
serviceprovider::assigntorequest,1,serviceprovider,assigntorequest
serviceprovider::assigntoservicerequest,1,serviceprovider,assigntoservicerequest
serviceprovider::bookservice,1,serviceprovider,bookservice
serviceprovider::canhandle,1,serviceprovider,canhandle
serviceprovider::checkavailability,5,serviceprovider,checkavailability
serviceprovider::checkcapacity,1,serviceprovider,checkcapacity
serviceprovider::checkcollectioncapacity,1,serviceprovider,checkcollectioncapacity
serviceprovider::checkfeasibility,2,serviceprovider,checkfeasibility
serviceprovider::checklogisticsfeasibility,1,serviceprovider,checklogisticsfeasibility
serviceprovider::checktransportfeasibility,1,serviceprovider,checktransportfeasibility
serviceprovider::checkvehicleavailability,3,serviceprovider,checkvehicleavailability
serviceprovider::completerequest,1,serviceprovider,completerequest
serviceprovider::completetransport,1,serviceprovider,completetransport
serviceprovider::confirmacceptance,1,serviceprovider,confirmacceptance
serviceprovider::confirmcollectionrequest,1,serviceprovider,confirmcollectionrequest
serviceprovider::confirmtransportrequest,1,serviceprovider,confirmtransportrequest
serviceprovider::createproviderprofile,1,serviceprovider,createproviderprofile
serviceprovider::deactivate,1,serviceprovider,deactivate
serviceprovider::deactivateprofile,1,serviceprovider,deactivateprofile
serviceprovider::deactivateprovider,1,serviceprovider,deactivateprovider
serviceprovider::deactivateprovideraccount,1,serviceprovider,deactivateprovideraccount
serviceprovider::declinerequest,2,serviceprovider,declinerequest
serviceprovider::dispatchcollection,2,serviceprovider,dispatchcollection
serviceprovider::dispatchcollectionteam,2,serviceprovider,dispatchcollectionteam
serviceprovider::dispatchteam,3,serviceprovider,dispatchteam
serviceprovider::dispatchvehicle,2,serviceprovider,dispatchvehicle
serviceprovider::editprofile,1,serviceprovider,editprofile
serviceprovider::evaluatecollectionfeasibility,1,serviceprovider,evaluatecollectionfeasibility
serviceprovider::evaluatetransportfeasibility,1,serviceprovider,evaluatetransportfeasibility
serviceprovider::executetransport,1,serviceprovider,executetransport
serviceprovider::getavailableproviders,1,serviceprovider,getavailableproviders
serviceprovider::getpendingcollectionrequests,1,serviceprovider,getpendingcollectionrequests
serviceprovider::getpendingtransportrequests,1,serviceprovider,getpendingtransportrequests
serviceprovider::getprofile,1,serviceprovider,getprofile
serviceprovider::handlecollectionrequest,1,serviceprovider,handlecollectionrequest
serviceprovider::handletransportrequest,1,serviceprovider,handletransportrequest
serviceprovider::initializeprovider,1,serviceprovider,initializeprovider
serviceprovider::listcompanies,1,serviceprovider,listcompanies
serviceprovider::listpendingcollectionrequests,1,serviceprovider,listpendingcollectionrequests
serviceprovider::listpendingrequests,1,serviceprovider,listpendingrequests
serviceprovider::listpendingtransportrequests,2,serviceprovider,listpendingtransportrequests
serviceprovider::managecollectionrequest,1,serviceprovider,managecollectionrequest
serviceprovider::managetransportrequest,1,serviceprovider,managetransportrequest
serviceprovider::markascollected,1,serviceprovider,markascollected
serviceprovider::markascompleted,1,serviceprovider,markascompleted
serviceprovider::markrequestcollected,1,serviceprovider,markrequestcollected
serviceprovider::notifyrequestaccepted,1,serviceprovider,notifyrequestaccepted
serviceprovider::operaterouteplan,1,serviceprovider,operaterouteplan
serviceprovider::performtransport,3,serviceprovider,performtransport
serviceprovider::receiverequest,1,serviceprovider,receiverequest
serviceprovider::removeservicearea,1,serviceprovider,removeservicearea
serviceprovider::reviewprofiles,1,serviceprovider,reviewprofiles
serviceprovider::saveupdates,1,serviceprovider,saveupdates
serviceprovider::schedulecollection,1,serviceprovider,schedulecollection
serviceprovider::schedulerequest,2,serviceprovider,schedulerequest
serviceprovider::scheduleservice,1,serviceprovider,scheduleservice
serviceprovider::scheduletransport,4,serviceprovider,scheduletransport
serviceprovider::submitprofileupdates,1,serviceprovider,submitprofileupdates
serviceprovider::updateavailability,1,serviceprovider,updateavailability
serviceprovider::updateavailabilityschedule,1,serviceprovider,updateavailabilityschedule
serviceprovider::updatecompanydetails,1,serviceprovider,updatecompanydetails
serviceprovider::updatecompanyinfo,1,serviceprovider,updatecompanyinfo
serviceprovider::updatecompanyname,3,serviceprovider,updatecompanyname
serviceprovider::updatecompanyprofile,1,serviceprovider,updatecompanyprofile
serviceprovider::updatedetails,2,serviceprovider,updatedetails
serviceprovider::updatefields,1,serviceprovider,updatefields
serviceprovider::updateoperatinghours,1,serviceprovider,updateoperatinghours
serviceprovider::updateprofile,6,serviceprovider,updateprofile
serviceprovider::updateprofiledetails,2,serviceprovider,updateprofiledetails
serviceprovider::updateprofilesettings,1,serviceprovider,updateprofilesettings
serviceprovider::updateproviderdetails,2,serviceprovider,updateproviderdetails
serviceprovider::updateproviderprofile,3,serviceprovider,updateproviderprofile
serviceprovider::updateserviceablevehicletypes,1,serviceprovider,updateserviceablevehicletypes
serviceprovider::updateserviceareas,2,serviceprovider,updateserviceareas
serviceprovider::updateservicedetails,4,serviceprovider,updateservicedetails
serviceprovider::updateserviceprofile,2,serviceprovider,updateserviceprofile
serviceprovider::updateserviceproviderdetails,1,serviceprovider,updateserviceproviderdetails
serviceprovider::updateserviceproviderprofile,3,serviceprovider,updateserviceproviderprofile
serviceprovider::updatesupportedvehicles,1,serviceprovider,updatesupportedvehicles
serviceprovider::validateprofile,1,serviceprovider,validateprofile
serviceprovider::validateprofileupdate,1,serviceprovider,validateprofileupdate
serviceprovider::validateprofileupdates,2,serviceprovider,validateprofileupdates
serviceprovider::validateserviceprovider,1,serviceprovider,validateserviceprovider
serviceprovider::validateupdates,1,serviceprovider,validateupdates
serviceprovider::viewpendingrequests,1,serviceprovider,viewpendingrequests
servicerequest::accept,4,servicerequest,accept
servicerequest::acceptandschedulerequest,1,servicerequest,acceptandschedulerequest
servicerequest::acceptrequest,3,servicerequest,acceptrequest
servicerequest::addtrackingjourney,1,servicerequest,addtrackingjourney
servicerequest::assignjourney,1,servicerequest,assignjourney
servicerequest::assignprovider,5,servicerequest,assignprovider
servicerequest::assignserviceprovider,2,servicerequest,assignserviceprovider
servicerequest::assigntoprovider,2,servicerequest,assigntoprovider
servicerequest::assigntrackingjourney,1,servicerequest,assigntrackingjourney
servicerequest::assignwastejourney,1,servicerequest,assignwastejourney
servicerequest::bookservice,1,servicerequest,bookservice
servicerequest::canbecancelled,1,servicerequest,canbecancelled
servicerequest::canbecancelledbyuser,1,servicerequest,canbecancelledbyuser
servicerequest::cancel,8,servicerequest,cancel
servicerequest::cancelbyuser,1,servicerequest,cancelbyuser
servicerequest::cancelrequest,9,servicerequest,cancelrequest
servicerequest::checkcancellationeligibility,1,servicerequest,checkcancellationeligibility
servicerequest::complete,4,servicerequest,complete
servicerequest::completecollection,1,servicerequest,completecollection
servicerequest::completerequest,4,servicerequest,completerequest
servicerequest::completetransport,1,servicerequest,completetransport
servicerequest::confirmschedule,1,servicerequest,confirmschedule
servicerequest::confirmscheduling,1,servicerequest,confirmscheduling
servicerequest::createrequest,5,servicerequest,createrequest
servicerequest::decline,1,servicerequest,decline
servicerequest::declinerequest,1,servicerequest,declinerequest
servicerequest::getdetails,1,servicerequest,getdetails
servicerequest::getrequestdetails,1,servicerequest,getrequestdetails
servicerequest::getrequester,1,servicerequest,getrequester
servicerequest::getrequestsbyrequester,1,servicerequest,getrequestsbyrequester
servicerequest::getscheduledtime,1,servicerequest,getscheduledtime
servicerequest::getservicerequeststatus,1,servicerequest,getservicerequeststatus
servicerequest::getstatus,4,servicerequest,getstatus
servicerequest::initializerequest,2,servicerequest,initializerequest
servicerequest::iscancellable,1,servicerequest,iscancellable
servicerequest::iseditable,1,servicerequest,iseditable
servicerequest::iseligibleforcancellation,1,servicerequest,iseligibleforcancellation
servicerequest::ispastcancellationwindow,1,servicerequest,ispastcancellationwindow
servicerequest::linkwastejourney,2,servicerequest,linkwastejourney
servicerequest::listrequests,1,servicerequest,listrequests
servicerequest::markascompleted,2,servicerequest,markascompleted
servicerequest::markcollected,1,servicerequest,markcollected
servicerequest::markcompleted,3,servicerequest,markcompleted
servicerequest::markscheduled,1,servicerequest,markscheduled
servicerequest::propose,1,servicerequest,propose
servicerequest::proposealternativetime,1,servicerequest,proposealternativetime
servicerequest::proposealternativetimeslots,1,servicerequest,proposealternativetimeslots
servicerequest::proposetimes,1,servicerequest,proposetimes
servicerequest::proposetimeslot,1,servicerequest,proposetimeslot
servicerequest::proposetimeslots,1,servicerequest,proposetimeslots
servicerequest::recordjourneystageupdate,1,servicerequest,recordjourneystageupdate
servicerequest::reject,1,servicerequest,reject
servicerequest::reviewlistings,1,servicerequest,reviewlistings
servicerequest::schedule,6,servicerequest,schedule
servicerequest::schedulecollection,1,servicerequest,schedulecollection
servicerequest::schedulerequest,5,servicerequest,schedulerequest
servicerequest::scheduleservice,2,servicerequest,scheduleservice
servicerequest::setstatus,2,servicerequest,setstatus
servicerequest::submit,4,servicerequest,submit
servicerequest::submitrequest,7,servicerequest,submitrequest
servicerequest::transitionstatus,1,servicerequest,transitionstatus
servicerequest::updatedetails,1,servicerequest,updatedetails
servicerequest::updatelistings,1,servicerequest,updatelistings
servicerequest::updateservicelisting,1,servicerequest,updateservicelisting
servicerequest::updatestatus,6,servicerequest,updatestatus
servicerequest::validate,1,servicerequest,validate
servicerequest::validatecancellation,1,servicerequest,validatecancellation
servicerequest::validaterequest,2,servicerequest,validaterequest
servicerequest::validaterequestconsistency,1,servicerequest,validaterequestconsistency
servicerequest::validaterequestconstraints,1,servicerequest,validaterequestconstraints
servicerequest::validaterequestdata,1,servicerequest,validaterequestdata
servicerequest::validaterequestdetails,4,servicerequest,validaterequestdetails
servicerequest::viewdetails,2,servicerequest,viewdetails
servicerequest::viewstatus,2,servicerequest,viewstatus
servicerequestdetails::adddetail,1,servicerequestdetails,adddetail
servicerequestdetails::adddetails,1,servicerequestdetails,adddetails
servicerequestdetails::addrequestdetail,1,servicerequestdetails,addrequestdetail
servicerequestdetails::extractpayload,1,servicerequestdetails,extractpayload
servicerequestdetails::getdetail,1,servicerequestdetails,getdetail
servicerequestdetails::getrequestdetail,1,servicerequestdetails,getrequestdetail
servicerequestdetails::updatedetails,1,servicerequestdetails,updatedetails
servicerequestdetails::validatepayloadstructure,1,servicerequestdetails,validatepayloadstructure
timerange::contains,1,timerange,contains
timerange::isavailable,1,timerange,isavailable
timerange::isvalid,2,timerange,isvalid
timerange::iswithin,1,timerange,iswithin
timerange::iswithinbusinesshours,1,timerange,iswithinbusinesshours
timerange::overlaps,2,timerange,overlaps
timerange::overlapswith,2,timerange,overlapswith
timerange::validate,1,timerange,validate
timerange::validateconsistency,1,timerange,validateconsistency
timerange::validaterange,1,timerange,validaterange
timerange::validatetimeorder,1,timerange,validatetimeorder
timerange::validatetimerange,1,timerange,validatetimerange
transportrequest::accept,1,transportrequest,accept
transportrequest::acceptrequest,3,transportrequest,acceptrequest
transportrequest::accepttransport,1,transportrequest,accepttransport
transportrequest::assignrouteplan,1,transportrequest,assignrouteplan
transportrequest::assigntransport,1,transportrequest,assigntransport
transportrequest::calculateoptimalroute,1,transportrequest,calculateoptimalroute
transportrequest::checkvehicleavailability,1,transportrequest,checkvehicleavailability
transportrequest::complete,1,transportrequest,complete
transportrequest::completerequest,1,transportrequest,completerequest
transportrequest::completetransport,1,transportrequest,completetransport
transportrequest::confirmacceptance,1,transportrequest,confirmacceptance
transportrequest::confirmrequest,1,transportrequest,confirmrequest
transportrequest::confirmtransport,1,transportrequest,confirmtransport
transportrequest::create,1,transportrequest,create
transportrequest::createrequest,1,transportrequest,createrequest
transportrequest::createroute,1,transportrequest,createroute
transportrequest::createrouteplan,1,transportrequest,createrouteplan
transportrequest::createtransportrequest,3,transportrequest,createtransportrequest
transportrequest::decline,1,transportrequest,decline
transportrequest::defineroute,1,transportrequest,defineroute
transportrequest::generaterouteplan,1,transportrequest,generaterouteplan
transportrequest::initializetransportrequest,1,transportrequest,initializetransportrequest
transportrequest::markascompleted,2,transportrequest,markascompleted
transportrequest::markastransported,1,transportrequest,markastransported
transportrequest::markcompleted,2,transportrequest,markcompleted
transportrequest::markdelivered,1,transportrequest,markdelivered
transportrequest::optimizeroute,2,transportrequest,optimizeroute
transportrequest::planroute,3,transportrequest,planroute
transportrequest::scheduletransport,6,transportrequest,scheduletransport
transportrequest::setrouteplan,2,transportrequest,setrouteplan
transportrequest::specifytransportroute,1,transportrequest,specifytransportroute
transportrequest::starttransport,1,transportrequest,starttransport
transportrequest::submit,1,transportrequest,submit
transportrequest::submittransportrequest,1,transportrequest,submittransportrequest
transportrequest::updaterouteplan,2,transportrequest,updaterouteplan
transportrequest::updatestatus,1,transportrequest,updatestatus
transportrequest::updatetransportdetails,1,transportrequest,updatetransportdetails
transportrequest::validateroute,1,transportrequest,validateroute
transportrequest::validateroutefeasibility,1,transportrequest,validateroutefeasibility
transportrequest::validaterouteplan,1,transportrequest,validaterouteplan
transportrequest::validatetransportdetails,1,transportrequest,validatetransportdetails
transportrequest::validatetransportrequest,1,transportrequest,validatetransportrequest
transportrequest::viewdetails,1,transportrequest,viewdetails
user::deactivateaccount,1,user,deactivateaccount
user::login,1,user,login
user::logout,1,user,logout
user::register,1,user,register
user::requestpasswordreset,1,user,requestpasswordreset
user::resetpassword,1,user,resetpassword
user::updateprofile,1,user,updateprofile
user::verifyemail,1,user,verifyemail
useraccount::activate,4,useraccount,activate
useraccount::activateaccount,7,useraccount,activateaccount
useraccount::activateemail,1,useraccount,activateemail
useraccount::approveaccount,1,useraccount,approveaccount
useraccount::assignserviceproviderrole,1,useraccount,assignserviceproviderrole
useraccount::attemptlogin,1,useraccount,attemptlogin
useraccount::authenticate,1,useraccount,authenticate
useraccount::authorizelogin,1,useraccount,authorizelogin
useraccount::canlogin,1,useraccount,canlogin
useraccount::changeaccountstatus,1,useraccount,changeaccountstatus
useraccount::checkaccountstatus,1,useraccount,checkaccountstatus
useraccount::confirmpasswordreset,1,useraccount,confirmpasswordreset
useraccount::create,3,useraccount,create
useraccount::createaccount,7,useraccount,createaccount
useraccount::createnewaccount,1,useraccount,createnewaccount
useraccount::createunverifiedaccount,2,useraccount,createunverifiedaccount
useraccount::deactivate,7,useraccount,deactivate
useraccount::deactivateaccount,8,useraccount,deactivateaccount
useraccount::endsession,1,useraccount,endsession
useraccount::generateemailverificationtoken,1,useraccount,generateemailverificationtoken
useraccount::getaccountstatus,1,useraccount,getaccountstatus
useraccount::incrementfailedattempts,2,useraccount,incrementfailedattempts
useraccount::incrementfailedlogin,1,useraccount,incrementfailedlogin
useraccount::incrementfailedloginattempts,1,useraccount,incrementfailedloginattempts
useraccount::initializeaccount,1,useraccount,initializeaccount
useraccount::initializeserviceproviderprofile,1,useraccount,initializeserviceproviderprofile
useraccount::initiatepasswordreset,1,useraccount,initiatepasswordreset
useraccount::isactive,3,useraccount,isactive
useraccount::iseligibletologin,1,useraccount,iseligibletologin
useraccount::islocked,1,useraccount,islocked
useraccount::lock,3,useraccount,lock
useraccount::lockaccount,8,useraccount,lockaccount
useraccount::login,5,useraccount,login
useraccount::logout,6,useraccount,logout
useraccount::markemailverified,1,useraccount,markemailverified
useraccount::reactivateaccount,1,useraccount,reactivateaccount
useraccount::recordlogin,4,useraccount,recordlogin
useraccount::recordloginfailure,1,useraccount,recordloginfailure
useraccount::recordloginsuccess,1,useraccount,recordloginsuccess
useraccount::recordlogintime,2,useraccount,recordlogintime
useraccount::recordlogintimestamp,3,useraccount,recordlogintimestamp
useraccount::recordregistrationdate,1,useraccount,recordregistrationdate
useraccount::recoverpassword,1,useraccount,recoverpassword
useraccount::register,4,useraccount,register
useraccount::registeraccount,1,useraccount,registeraccount
useraccount::registernewaccount,1,useraccount,registernewaccount
useraccount::registerunverified,1,useraccount,registerunverified
useraccount::registeruser,3,useraccount,registeruser
useraccount::resetloginattempts,1,useraccount,resetloginattempts
useraccount::resetpassword,4,useraccount,resetpassword
useraccount::sendpasswordresetlink,1,useraccount,sendpasswordresetlink
useraccount::setaccountstatus,2,useraccount,setaccountstatus
useraccount::suspend,1,useraccount,suspend
useraccount::suspendaccount,2,useraccount,suspendaccount
useraccount::terminatesession,2,useraccount,terminatesession
useraccount::unlock,2,useraccount,unlock
useraccount::unlockaccount,6,useraccount,unlockaccount
useraccount::unsuspend,1,useraccount,unsuspend
useraccount::updatelastlogin,1,useraccount,updatelastlogin
useraccount::updatelastlogindate,1,useraccount,updatelastlogindate
useraccount::updatelogintimestamp,1,useraccount,updatelogintimestamp
useraccount::updateprofile,4,useraccount,updateprofile
useraccount::updateprofiledetails,1,useraccount,updateprofiledetails
useraccount::updatestatus,2,useraccount,updatestatus
useraccount::validatecredentials,2,useraccount,validatecredentials
useraccount::validateemailformat,1,useraccount,validateemailformat
useraccount::validatepasswordstrength,1,useraccount,validatepasswordstrength
useraccount::validateregistration,1,useraccount,validateregistration
useraccount::validateuseraccount,1,useraccount,validateuseraccount
useraccount::verifyemail,5,useraccount,verifyemail
usercredentials::attemptlogin,1,usercredentials,attemptlogin
usercredentials::authenticate,4,usercredentials,authenticate
usercredentials::changepassword,1,usercredentials,changepassword
usercredentials::checkpassword,3,usercredentials,checkpassword
usercredentials::clearfailedloginattempts,1,usercredentials,clearfailedloginattempts
usercredentials::clearpasswordresettoken,1,usercredentials,clearpasswordresettoken
usercredentials::completepasswordreset,2,usercredentials,completepasswordreset
usercredentials::confirmpasswordreset,1,usercredentials,confirmpasswordreset
usercredentials::createcredentials,1,usercredentials,createcredentials
usercredentials::createpasswordresettoken,1,usercredentials,createpasswordresettoken
usercredentials::encryptpassword,1,usercredentials,encryptpassword
usercredentials::generateemailverificationtoken,1,usercredentials,generateemailverificationtoken
usercredentials::generatepasswordresettoken,8,usercredentials,generatepasswordresettoken
usercredentials::generateresettoken,4,usercredentials,generateresettoken
usercredentials::generateverificationtoken,1,usercredentials,generateverificationtoken
usercredentials::getemail,1,usercredentials,getemail
usercredentials::getfailedloginattempts,1,usercredentials,getfailedloginattempts
usercredentials::hasexceededfailedloginattempts,1,usercredentials,hasexceededfailedloginattempts
usercredentials::hasexceededmaxloginattempts,1,usercredentials,hasexceededmaxloginattempts
usercredentials::incrementfailedattempts,4,usercredentials,incrementfailedattempts
usercredentials::incrementfailedlogin,2,usercredentials,incrementfailedlogin
usercredentials::incrementfailedloginattempts,4,usercredentials,incrementfailedloginattempts
usercredentials::initializecredentials,1,usercredentials,initializecredentials
usercredentials::initiatepasswordreset,4,usercredentials,initiatepasswordreset
usercredentials::invalidateemailverificationtoken,1,usercredentials,invalidateemailverificationtoken
usercredentials::invalidatepasswordresettoken,1,usercredentials,invalidatepasswordresettoken
usercredentials::invalidateresettoken,1,usercredentials,invalidateresettoken
usercredentials::isaccountlocked,1,usercredentials,isaccountlocked
usercredentials::isloginallowed,1,usercredentials,isloginallowed
usercredentials::ispasswordresettokenvalid,2,usercredentials,ispasswordresettokenvalid
usercredentials::isresettokenvalid,3,usercredentials,isresettokenvalid
usercredentials::istokenexpired,1,usercredentials,istokenexpired
usercredentials::istokenvalid,2,usercredentials,istokenvalid
usercredentials::isvalidpasswordresettoken,1,usercredentials,isvalidpasswordresettoken
usercredentials::isvalidverificationtoken,1,usercredentials,isvalidverificationtoken
usercredentials::lockaccount,1,usercredentials,lockaccount
usercredentials::matchespassword,1,usercredentials,matchespassword
usercredentials::recordfailedattempt,1,usercredentials,recordfailedattempt
usercredentials::recordfailedloginattempt,1,usercredentials,recordfailedloginattempt
usercredentials::recordlogin,4,usercredentials,recordlogin
usercredentials::recordloginattempt,1,usercredentials,recordloginattempt
usercredentials::recordlogintime,1,usercredentials,recordlogintime
usercredentials::recordlogintimestamp,2,usercredentials,recordlogintimestamp
usercredentials::recordlogout,1,usercredentials,recordlogout
usercredentials::recordlogouttime,1,usercredentials,recordlogouttime
usercredentials::recordpasswordchange,1,usercredentials,recordpasswordchange
usercredentials::recordsuccessfullogin,4,usercredentials,recordsuccessfullogin
usercredentials::resetfailedattempts,4,usercredentials,resetfailedattempts
usercredentials::resetfailedloginattempts,4,usercredentials,resetfailedloginattempts
usercredentials::resetloginattempts,1,usercredentials,resetloginattempts
usercredentials::resetpassword,9,usercredentials,resetpassword
usercredentials::resetpasswordtoken,1,usercredentials,resetpasswordtoken
usercredentials::sendpasswordresetlink,1,usercredentials,sendpasswordresetlink
usercredentials::setnewpassword,1,usercredentials,setnewpassword
usercredentials::setpassword,3,usercredentials,setpassword
usercredentials::setresettoken,1,usercredentials,setresettoken
usercredentials::shouldlockaccount,1,usercredentials,shouldlockaccount
usercredentials::updatelastlogin,1,usercredentials,updatelastlogin
usercredentials::updatelastlogindate,4,usercredentials,updatelastlogindate
usercredentials::updatepassword,9,usercredentials,updatepassword
usercredentials::validatecredentials,8,usercredentials,validatecredentials
usercredentials::validatecredentialsformat,1,usercredentials,validatecredentialsformat
usercredentials::validateemail,1,usercredentials,validateemail
usercredentials::validateemailandpassword,1,usercredentials,validateemailandpassword
usercredentials::validateemailformat,3,usercredentials,validateemailformat
usercredentials::validateemailverificationtoken,1,usercredentials,validateemailverificationtoken
usercredentials::validatelogin,1,usercredentials,validatelogin
usercredentials::validatepassword,6,usercredentials,validatepassword
usercredentials::validatepasswordresettoken,4,usercredentials,validatepasswordresettoken
usercredentials::validatepasswordstrength,7,usercredentials,validatepasswordstrength
usercredentials::validateresetlink,1,usercredentials,validateresetlink
usercredentials::validateresettoken,4,usercredentials,validateresettoken
usercredentials::validatetoken,1,usercredentials,validatetoken
usercredentials::validatetokenexpiration,1,usercredentials,validatetokenexpiration
usercredentials::validateverificationtoken,1,usercredentials,validateverificationtoken
usercredentials::verifycredentials,1,usercredentials,verifycredentials
usercredentials::verifyemailtoken,1,usercredentials,verifyemailtoken
usercredentials::verifypassword,4,usercredentials,verifypassword
usercredentials::verifypasswordresettoken,1,usercredentials,verifypasswordresettoken
usercredentials::verifyresettoken,1,usercredentials,verifyresettoken
userprofile::applychanges,1,userprofile,applychanges
userprofile::applyprofilechanges,1,userprofile,applyprofilechanges
userprofile::applyupdate,1,userprofile,applyupdate
userprofile::applyupdates,1,userprofile,applyupdates
userprofile::assignrole,2,userprofile,assignrole
userprofile::changeemail,1,userprofile,changeemail
userprofile::changerole,3,userprofile,changerole
userprofile::confirmemailverification,2,userprofile,confirmemailverification
userprofile::createprofile,1,userprofile,createprofile
userprofile::deactivateaccount,1,userprofile,deactivateaccount
userprofile::generateverificationtoken,1,userprofile,generateverificationtoken
userprofile::getemailverificationtokenexpiration,1,userprofile,getemailverificationtokenexpiration
userprofile::getproductlistings,1,userprofile,getproductlistings
userprofile::getprofile,1,userprofile,getprofile
userprofile::getrole,1,userprofile,getrole
userprofile::getservicerequests,1,userprofile,getservicerequests
userprofile::initializeprofile,1,userprofile,initializeprofile
userprofile::initiateemailverification,1,userprofile,initiateemailverification
userprofile::isemailverified,3,userprofile,isemailverified
userprofile::markemailasverified,3,userprofile,markemailasverified
userprofile::markemailverified,3,userprofile,markemailverified
userprofile::promoteto,1,userprofile,promoteto
userprofile::recordaccountlockdate,1,userprofile,recordaccountlockdate
userprofile::recorddeactivation,1,userprofile,recorddeactivation
userprofile::recorddeactivationreason,2,userprofile,recorddeactivationreason
userprofile::recordlastupdate,1,userprofile,recordlastupdate
userprofile::recordlastupdateddate,1,userprofile,recordlastupdateddate
userprofile::recordlockdate,2,userprofile,recordlockdate
userprofile::recordlogintime,1,userprofile,recordlogintime
userprofile::recordmodificationtimestamp,1,userprofile,recordmodificationtimestamp
userprofile::recordprofileupdate,1,userprofile,recordprofileupdate
userprofile::recordupdatetimestamp,2,userprofile,recordupdatetimestamp
userprofile::searchprofile,1,userprofile,searchprofile
userprofile::senddeactivationconfirmation,1,userprofile,senddeactivationconfirmation
userprofile::sendverificationemail,1,userprofile,sendverificationemail
userprofile::setaccountlockeddate,1,userprofile,setaccountlockeddate
userprofile::setaddress,1,userprofile,setaddress
userprofile::setdeactivationreason,1,userprofile,setdeactivationreason
userprofile::setname,1,userprofile,setname
userprofile::setphonenumber,1,userprofile,setphonenumber
userprofile::setrole,2,userprofile,setrole
userprofile::updateaddress,3,userprofile,updateaddress
userprofile::updatecontactdetails,1,userprofile,updatecontactdetails
userprofile::updatecontactinfo,2,userprofile,updatecontactinfo
userprofile::updatedetails,4,userprofile,updatedetails
userprofile::updateemail,3,userprofile,updateemail
userprofile::updatelastmodified,2,userprofile,updatelastmodified
userprofile::updatelastupdateddate,1,userprofile,updatelastupdateddate
userprofile::updatename,2,userprofile,updatename
userprofile::updatephonenumber,2,userprofile,updatephonenumber
userprofile::updateprofile,8,userprofile,updateprofile
userprofile::updateprofiledata,1,userprofile,updateprofiledata
userprofile::updateprofiledetails,5,userprofile,updateprofiledetails
userprofile::updateprofileinfo,2,userprofile,updateprofileinfo
userprofile::updaterole,2,userprofile,updaterole
userprofile::validate,2,userprofile,validate
userprofile::validatebasicinfo,1,userprofile,validatebasicinfo
userprofile::validateemail,2,userprofile,validateemail
userprofile::validateemailformat,5,userprofile,validateemailformat
userprofile::validateforupdate,1,userprofile,validateforupdate
userprofile::validatepasswordresettoken,1,userprofile,validatepasswordresettoken
userprofile::validatephoneformat,1,userprofile,validatephoneformat
userprofile::validatephonenumber,1,userprofile,validatephonenumber
userprofile::validateprofile,2,userprofile,validateprofile
userprofile::validateprofiledata,5,userprofile,validateprofiledata
userprofile::validateprofiledetails,2,userprofile,validateprofiledetails
userprofile::validateprofileupdate,1,userprofile,validateprofileupdate
userprofile::validateprofileupdates,1,userprofile,validateprofileupdates
userprofile::validateupdateddata,1,userprofile,validateupdateddata
userprofile::validateupdates,1,userprofile,validateupdates
userprofile::verifyemail,8,userprofile,verifyemail
userprofile::verifyemailaddress,1,userprofile,verifyemailaddress
validationresult::adderrormessage,1,validationresult,adderrormessage
validationresult::addmessage,1,validationresult,addmessage
validationresult::createfailure,1,validationresult,createfailure
validationresult::createinvalidresult,1,validationresult,createinvalidresult
validationresult::createsuccess,1,validationresult,createsuccess
validationresult::createvalidresult,1,validationresult,createvalidresult
validationresult::isvalid,1,validationresult,isvalid
validationresult::validate,1,validationresult,validate
validationresult::validateaddressconsistency,1,validationresult,validateaddressconsistency
validationresult::validateemailformat,1,validationresult,validateemailformat
validationresult::validatepasswordstrength,1,validationresult,validatepasswordstrength
wastejourney::addprocessingstage,1,wastejourney,addprocessingstage
wastejourney::addstage,6,wastejourney,addstage
wastejourney::canceljourney,2,wastejourney,canceljourney
wastejourney::checkstatus,1,wastejourney,checkstatus
wastejourney::completejourney,3,wastejourney,completejourney
wastejourney::createjourney,1,wastejourney,createjourney
wastejourney::displaystatus,1,wastejourney,displaystatus
wastejourney::findbytrackingcode,2,wastejourney,findbytrackingcode
wastejourney::generatetrackingcode,1,wastejourney,generatetrackingcode
wastejourney::getbytrackingcode,1,wastejourney,getbytrackingcode
wastejourney::getcurrentlocation,4,wastejourney,getcurrentlocation
wastejourney::getcurrentstage,1,wastejourney,getcurrentstage
wastejourney::getcurrentstatus,5,wastejourney,getcurrentstatus
wastejourney::getjourneybycode,1,wastejourney,getjourneybycode
wastejourney::getjourneybytrackingcode,2,wastejourney,getjourneybytrackingcode
wastejourney::getjourneystatus,1,wastejourney,getjourneystatus
wastejourney::getstages,1,wastejourney,getstages
wastejourney::getstatus,3,wastejourney,getstatus
wastejourney::gettrackingdetails,1,wastejourney,gettrackingdetails
wastejourney::gettrackinginfo,1,wastejourney,gettrackinginfo
wastejourney::gettrackingstatus,1,wastejourney,gettrackingstatus
wastejourney::initializejourney,1,wastejourney,initializejourney
wastejourney::markascollected,2,wastejourney,markascollected
wastejourney::markasintransit,1,wastejourney,markasintransit
wastejourney::markasprocessed,1,wastejourney,markasprocessed
wastejourney::markasrecycled,1,wastejourney,markasrecycled
wastejourney::recordstage,2,wastejourney,recordstage
wastejourney::recordstagetransition,1,wastejourney,recordstagetransition
wastejourney::startjourney,1,wastejourney,startjourney
wastejourney::starttracking,1,wastejourney,starttracking
wastejourney::track,2,wastejourney,track
wastejourney::trackbycode,1,wastejourney,trackbycode
wastejourney::trackjourney,4,wastejourney,trackjourney
wastejourney::trackprogress,1,wastejourney,trackprogress
wastejourney::trackstatus,2,wastejourney,trackstatus
wastejourney::trackwaste,1,wastejourney,trackwaste
wastejourney::trackwastejourney,1,wastejourney,trackwastejourney
wastejourney::updatecurrentlocation,3,wastejourney,updatecurrentlocation
wastejourney::updatejourneystage,2,wastejourney,updatejourneystage
wastejourney::updatelocation,5,wastejourney,updatelocation
wastejourney::updatestage,6,wastejourney,updatestage
wastejourney::updatestatus,7,wastejourney,updatestatus
wastejourney::updatetrackingstage,1,wastejourney,updatetrackingstage
wastejourney::updatetrackingstatus,4,wastejourney,updatetrackingstatus
wastejourney::validatejourney,1,wastejourney,validatejourney
wastejourney::validatetrackingcode,3,wastejourney,validatetrackingcode
wastetracking::trackwaste,1,wastetracking,trackwaste
